6866,4564,1534,5685,6651,7274,1136,6112,2245,4750,2040,5752,2372,5849,413,8878,5691,9838,5566,4251,6959,2392,203,5499,6411,1638,7427,7414,5074,5943,542,5471,8978,4788,6094,6205,6767,1206,2294,5276
2623,9286,2934,273,3533,1701,1471,7785,2753,7997,3955,2808,5433,5450,3889,1621,8774,1274,1889,3433,8741,3894,1395,8241,6164,8354,3230,1701,550,6625,5070,9345,5770,609,2853,8604,307,7783,7039,9942
3187,3966,4782,6355,4062,2322,5566,2866,3075,6643,7584,4685,101,9558,8698,6235,6335,5309,9832,251,5595,9161,9307,7153,9580,1423,2849,9337,5729,6012,502,9740,8775,5641,9610,8797,1605,9533,3981,4553
1627,1353,2377,5918,6658,8844,9294,8304,8237,4899,1880,5072,819,7587,4337,4651,8427,444,313,3404,3759,979,8433,7229,1548,2052,982,9483,3800,7168,6610,1883,2663,4203,8132,3257,206,7135,8741,9954
4482,4284,3642,4354,996,9637,1437,7354,1257,438,1352,6362,5141,5278,8676,1252,5272,8531,8939,6985,9316,8886,2534,8658,9584,3503,9175,3128,8259,6000,6577,1056,5460,7534,790,48,1802,4350,9153,5372
5126,4161,7467,7626,2960,2604,3009,4435,7682,2201,6725,92,321,9242,689,3818,4245,702,7488,6889,3897,660,572,7242,9666,2883,8131,378,8340,9141,3523,9917,3612,9909,9690,2812,4202,3165,1028,2812
2847,7512,4141,2863,2114,6495,1262,8144,902,3369,5643,3456,1944,9845,4017,7850,218,9282,3862,288,4042,2796,9047,703,7659,9366,3452,1536,6286,675,6539,8563,835,432,9200,8422,6980,9906,9363,3603
7580,2952,9406,9259,5464,7707,7521,2554,7554,7017,3908,9667,9134,6906,6515,6133,630,7806,2290,9608,4995,1943,6221,334,905,8499,5616,4375,4793,7269,5331,7453,5887,2230,1328,2084,5116,882,4905,6552
6552,3763,6091,9021,3526,5555,8977,6119,8356,3941,684,5187,9685,2329,4344,1949,9318,9702,6548,796,7237,9065,3851,2701,3619,1997,5596,4639,7929,2135,3092,8701,3173,4174,6781,8668,4335,781,9986,4596
1628,4224,5538,2378,5358,3466,7185,9818,2238,3113,8604,7766,9665,4079,9850,7310,4559,5090,4744,1860,7008,238,9420,7652,5433,8238,9349,2866,2641,8495,6413,7423,7707,591,3967,7266,7129,8560,2239,6358
17,7620,7565,7228,9457,9709,9260,3357,1745,2688,7366,2529,7286,2177,8581,8801,9501,143,7642,8749,9099,5624,4770,6677,3628,313,6139,7674,726,5927,6338,4946,7537,2455,4532,1592,8193,6408,3842,8233
4836,6720,4885,2863,7148,9545,9141,6418,7861,3821,1694,1097,3220,3793,5636,9531,8872,906,5577,6537,7146,5994,9995,7707,7907,6771,390,1790,4075,4607,3859,5359,2602,8318,9125,8621,6117,512,2785,1979
2961,5249,806,3163,5659,2860,3111,8634,4426,2579,8214,8777,5213,1165,1316,7435,4216,5478,1582,357,1615,8146,6174,4056,4797,2975,376,7621,7276,770,7021,3605,9609,9701,5203,1959,4841,515,6956,7934
6775,9527,4897,3297,2820,2476,2270,953,1502,6387,8692,1613,1518,6996,3348,4660,1935,6456,5532,6304,5158,4904,1102,9712,2787,6132,1703,2481,512,3930,8345,3041,9883,5283,9805,8732,1001,5669,9730,2714
5105,7897,4358,9373,4520,644,2473,991,2859,502,2300,7245,219,83,5900,7608,5850,9747,7777,7988,2082,6783,7251,9585,9985,5754,7985,3193,2058,1317,5567,228,732,9027,5346,2626,9192,6659,2366,2587
380,4566,3213,6154,4496,6362,1758,6688,6677,9093,6335,7030,8645,8752,2965,8232,8842,516,8188,2563,6344,3976,239,5973,3286,3244,1478,9366,2232,1949,9079,8070,5207,1225,395,9731,5032,3167,9572,5850
3873,4585,8747,1098,2166,2741,7171,8627,5727,1856,2396,3907,5288,1513,8793,6146,8119,2700,4455,6367,3558,9536,9229,8143,1715,3528,8777,2764,4287,3419,9453,9487,9341,1764,4848,8681,6620,5883,2288,5101
7745,475,4797,8251,1368,2821,3148,5743,3330,5310,1217,4230,8871,9320,2235,1958,3888,6615,4027,2064,6383,87,2085,3420,4909,4129,7797,240,6040,5633,828,8881,859,2731,3052,6260,6944,589,2393,6713
593,4487,3452,6808,2967,3049,845,6575,4700,2518,7141,2442,8134,9504,8318,5924,1404,332,7201,1020,3306,945,293,6239,5832,8927,5284,8200,19,5563,3433,6566,5608,2981,8513,4093,7813,8880,4451,5494
5545,1238,5051,1228,9345,9852,3984,5757,4639,6525,3999,6064,2557,19,7873,1621,5355,8372,4377,2486,7525,4928,2338,8571,8037,171,9441,3769,2354,2536,6855,7275,5997,3120,4028,5755,7842,9173,5343,1449
8931,2002,7825,1440,7691,8557,2775,1148,8877,8034,3040,6901,3475,6585,8428,9508,8674,2696,6553,4161,3119,456,8339,9738,3537,5435,979,7591,3138,811,6757,4535,6985,5629,7511,229,3032,1229,9238,2274
6330,7837,4790,1525,1568,9935,7967,8595,9006,1411,8838,7547,1523,3688,6153,4471,8439,6747,1611,7631,3042,709,9286,4232,3388,7906,770,6387,6631,8957,5521,3232,6554,6241,8912,541,3495,481,1466,882
7698,8209,9636,6099,697,8543,569,2880,9764,348,5256,6118,6343,1206,2442,9984,890,545,7181,8982,7495,3875,6133,5405,3030,9887,5720,928,4033,5938,5617,5594,4143,5134,4427,8966,2753,2891,5175,7118
2771,8737,1655,9673,9361,1420,184,4731,830,5023,9942,8318,7546,2277,9413,9247,7078,1496,8840,3958,4660,3949,9987,390,5407,408,7210,3251,7002,4657,2979,6346,8061,2348,9648,2809,783,800,9050,5225
5863,617,2466,3007,1932,8178,8356,2617,149,4924,1842,2134,5554,581,1230,4167,9630,514,1187,5280,6346,6446,9243,6103,3053,2928,2986,4709,9275,54,7667,7326,7156,4782,3896,3726,8208,6717,9520,300
6809,6869,2813,6514,4376,4604,1865,5290,1255,4793,8668,8607,4285,5132,6674,7987,2623,4531,6439,6177,555,2639,9856,502,7850,7218,9010,410,1035,1170,8717,6317,7113,3099,33,7547,7711,1933,4255,2011
3588,3910,1902,1544,5668,1210,2011,6733,8198,3953,3102,9113,9484,7688,8207,4614,6199,8291,1773,2490,275,4667,9757,7985,7654,2001,3313,1819,6764,2190,4151,2640,1714,7070,4713,6846,4583,8649,8205,5525
3072,5911,5498,9617,65,8856,7635,4345,9285,7270,4303,7363,9563,9766,5963,9601,4621,6317,4658,4263,7169,8435,7238,580,1213,2920,4061,667,9100,4425,7079,6834,397,1942,5460,8820,325,7956,301,1834
6060,4316,7198,2787,6751,954,3412,9978,7728,9809,3401,3293,6171,9531,700,1988,6758,757,563,9199,6733,8622,807,4907,4554,1034,5639,4882,5537,3994,3669,3179,8142,6793,8174,5605,6408,682,9200,4594
1865,584,9869,1039,3444,5778,5380,3772,2577,5050,3487,8611,6021,334,7824,2928,3289,6868,5122,2081,4241,5172,8893,5046,722,428,9393,133,7671,5412,5493,3223,5475,7079,7861,9803,4117,5253,6595,4964
9215,6615,4904,7302,3382,2991,1885,924,2770,7730,4946,7115,3915,3239,8139,4102,3456,6020,5835,1724,6885,7112,3164,4413,9875,2252,6011,9799,5185,5517,9371,2806,4025,125,3973,7108,2288,6842,8519,7224
4119,9538,8106,2183,129,7472,710,1907,8336,4531,3458,2838,3119,6154,9754,9641,4824,8974,1595,2764,7006,6901,990,8478,8638,5577,4728,1115,7287,3759,2552,1963,9492,7620,4133,5157,8505,8951,3857,8451
4488,285,3977,4410,3065,1765,1876,4061,1522,1462,4274,8529,3575,884,2237,2290,4251,3111,818,6508,7080,8470,8322,3225,1507,3984,2779,7289,8292,8893,906,1358,7754,3692,5562,2885,5696,2044,4727,9714
6579,3204,7650,1263,2577,1039,8200,3245,4022,8168,5075,38,4960,1614,5564,1737,8953,5043,8030,6650,353,4252,3189,2084,7571,5248,3946,6525,4435,5425,7207,6317,6705,5809,4711,9265,6789,1658,5671,7807
7941,8068,1156,8214,5499,209,6960,9135,8354,971,826,6012,2391,1062,49,8565,1434,2788,5933,7949,8777,5045,2818,1452,1528,8049,5660,1057,6093,9060,4451,7756,209,1829,7930,3600,5691,5230,3099,6494
5618,952,2335,3174,6095,8481,3366,115,626,179,882,276,4019,2023,9133,1121,9434,6637,7093,6493,3749,1549,5293,1399,1631,5094,385,2186,49,8149,1972,9166,1666,427,1460,7403,2326,3805,6503,8508
3943,7668,3967,2115,9026,4850,1443,8530,6058,1769,2926,1366,1380,9422,7273,9204,2756,7499,1155,774,3639,685,8380,9642,2302,810,3821,4046,3493,2667,278,38,1146,142,3814,760,8763,3062,5474,9844
904,718,1011,9082,7514,3659,609,3357,5371,9509,962,6914,385,2408,1061,6368,5513,4084,7559,1489,2521,3405,264,4441,2083,8761,7760,9955,3957,2502,3147,9724,5584,8864,2747,8500,8574,9582,4512,1207
2705,6032,9303,1425,2916,5943,5118,8929,1938,5071,5535,3351,8717,9908,9426,4134,5749,2662,9094,8300,372,1648,7127,1720,2062,4514,2451,7866,5830,2386,9509,5320,8990,9531,4634,4996,1777,4801,1826,1129
4827,4306,677,450,1806,4557,8419,3838,1297,6078,8059,5736,1666,1639,5858,6897,3611,5298,9565,3930,9460,8489,8812,795,3133,8157,4413,9276,5998,5861,3425,7843,3351,2664,9438,2132,5439,2881,9867,5645
9236,2095,1990,1935,9871,2445,9775,7678,8682,9557,5708,3433,7223,3831,4044,287,1613,3064,390,7911,2716,9339,4792,5204,7605,2751,4641,6836,8111,5626,8310,5143,7347,4054,6859,597,1779,5694,4302,1057
7744,1704,5547,1898,8464,1354,4367,6119,5116,6659,6901,6128,8791,8386,3420,8084,3600,3998,2419,7680,2490,7595,7316,3050,9807,9936,2894,594,1620,6007,8738,2715,8355,9818,6824,29,4047,7115,4489,1691
1143,2058,618,9760,2676,6737,6877,1377,4633,308,5276,1650,5967,198,8922,4247,1415,3884,3201,48,4235,5295,728,3087,9432,566,1907,4334,4568,904,1798,8124,7270,9864,8307,4245,1790,36,9354,6425
8282,9600,1449,5609,377,7795,3506,8243,3913,7827,118,8639,2627,7359,9220,3081,7302,6535,3435,7552,9567,7395,2916,2150,932,4640,8426,6591,2504,3048,5782,7128,3202,7931,7209,9477,6749,9937,1086,7126
9759,9334,5494,1843,2778,7625,5414,3060,1124,1197,9707,6265,8773,8052,2455,5640,6713,464,5383,6671,3965,1675,9165,6866,6957,5067,9903,8248,4456,219,966,3420,2490,6344,1367,1680,4340,5004,7026,580
2726,6362,6652,2111,8954,4780,5538,9760,6168,2959,262,6373,9958,412,6028,1217,3664,4116,7092,1160,2210,4115,275,9742,4764,4638,6645,4409,3875,1973,3141,5177,923,2168,1492,4900,1128,7797,2462,659
2907,4287,59,9140,1452,6412,9228,1453,3229,1405,6869,1379,8903,3718,9702,7058,3545,2106,2743,856,7631,3269,8543,6364,9580,6069,2125,6513,9468,2505,1571,5569,1700,9394,8903,5717,7747,4032,7384,9132
4928,3284,9749,6205,1492,3842,3050,6094,9572,9446,4595,296,3736,3946,6558,5898,2065,6859,6276,4067,6375,5867,1872,3892,9033,9241,5017,708,8993,8529,8028,6074,1701,2782,4043,8614,6529,8939,6361,6478
5491,5433,746,4140,7624,3366,457,7056,7834,91,7008,594,7674,9963,3930,8278,8021,2786,3878,6544,8406,7503,7298,8424,2217,5562,7604,9455,7359,8629,8602,2683,6364,844,8761,9408,5669,6258,5017,9078
4363,4394,2439,3789,263,7151,7159,6876,1829,662,1316,7604,8003,1176,4429,4848,7534,2394,2154,5749,2962,1673,5427,1760,2856,3098,5624,8471,2082,8950,2688,4594,1971,7855,6286,9146,7923,9119,6437,9966
8545,3016,6715,5591,2382,9666,133,2201,837,1566,9890,2292,2692,8539,8829,7731,3013,2334,3390,8037,2068,4676,477,8505,1745,8060,5641,2334,7645,6280,5415,48,5046,9766,144,5188,8640,808,7512,8235
3888,3586,6024,3523,9103,6040,4049,8442,880,7140,1707,8178,5949,7592,2940,4794,5564,943,4826,8208,5381,266,2351,3009,9968,1915,5872,1353,4998,1149,3200,2231,4870,890,7969,9161,9994,5869,8693,6708
3414,9577,2352,5546,9640,165,6381,321,2313,6415,6468,5038,7804,4601,5602,6593,3207,5703,5751,2106,5314,3878,555,6520,9497,5224,6020,5584,3394,5538,3297,128,9790,9394,7715,3013,9003,863,2956,2539
2487,9128,895,4657,3844,4862,1232,1742,6071,5955,2657,2266,6284,7771,8761,5047,6528,9254,1581,3881,9551,7387,635,5591,307,3311,2727,4319,9396,4052,3640,4222,8702,6241,5098,6110,2412,4319,462,5432
5229,4843,8648,201,6409,8841,2773,2735,8845,4313,8749,7330,6260,859,5000,1420,7421,5997,9517,4142,8380,7709,3048,2249,8374,2659,8938,6340,3736,5388,1311,4030,2264,1099,2565,3500,4290,1464,2615,6104
4522,9731,4952,3666,6273,249,6870,4248,4280,7614,8572,9946,5009,494,6025,9921,1480,2699,4809,2395,6329,9532,2217,9382,2050,2011,3663,4612,9088,8855,3107,9862,1950,5851,8991,2167,2209,5691,8770,5426
134,4944,2028,299,319,6618,7716,6945,7642,9097,7534,5219,8302,5962,7159,4817,2140,6337,9079,4290,6789,4468,5802,6522,218,4454,500,9592,7300,9585,7020,3078,8172,4017,8387,1676,1689,6054,3067,8935
6266,3517,6611,6453,9239,4789,5809,2266,8256,4713,2946,788,1127,8953,8777,141,3323,7114,5982,4534,3590,3812,1025,9906,872,7995,5756,1433,9677,640,1884,3985,5141,4372,446,1976,3020,876,9134,2075
3291,7233,2172,8840,374,7247,9615,3820,2982,751,7272,1350,6523,7666,8275,9268,8854,1949,4051,9719,4113,5981,4462,2879,2831,7264,5607,5013,5479,9479,6672,8112,8594,9604,3560,5442,9756,9121,8312,6849
8852,4592,3251,6441,3854,6306,6443,1146,2670,1008,1672,8514,1752,6345,3205,3638,1109,2251,3278,5873,5934,2470,3085,5392,6801,8594,4702,4846,8317,5507,689,3675,6798,831,3455,618,6773,2981,4979,8410
6604,6097,2615,388,9006,6941,5655,3838,4153,1940,2091,4872,8631,6229,8652,9889,7240,2554,2952,9893,1276,3279,8622,1676,5657,1182,8088,9879,1903,1856,374,6967,3833,3341,4982,2068,217,2105,8626,6308
3402,49,3091,4315,6975,975,9711,4512,7454,8478,7554,1944,1999,2772,1657,791,1329,4050,5639,3494,9374,5386,5479,7375,5132,87,3524,2650,8886,8020,4603,4295,1205,6583,3919,5187,3986,3071,9810,2303
4933,6487,4508,4271,1754,9507,2426,3239,7359,5186,1610,5715,6346,8800,9999,6681,9101,8716,7268,2981,8136,205,5887,3674,7991,3062,5608,1542,2540,7499,3894,2755,6972,4149,8728,8387,7363,9795,7012,7503
7567,2622,1550,9372,8365,4758,7666,6896,3204,2377,1462,2635,7808,5988,5222,8259,658,7604,5917,6383,2502,4581,1465,4860,9892,4685,9141,7529,8953,7932,5131,1929,6861,3134,6753,4737,1550,5787,8360,9556
9569,5565,7863,9745,5335,1026,766,9606,7425,1189,1781,5877,8795,1798,9362,9731,3069,7506,7475,3569,5802,1849,2835,4662,7405,6203,958,3994,3797,240,2675,1327,605,4570,2391,1022,2979,9507,2682,6108
1992,2539,4131,2496,1770,9392,1739,8529,406,6865,2812,3610,108,620,4144,4908,4049,7852,6715,4710,86,9089,4041,2220,3949,8916,4192,4232,6222,8853,4915,4630,4259,8038,8161,3576,2629,1775,8765,7756
6066,4508,4486,3417,5631,1880,9018,2114,3296,1423,429,966,1758,2699,8577,9608,5448,2611,7773,2951,807,3112,8303,1765,7943,3991,6058,5265,3191,542,962,4174,6578,2088,9093,6644,2753,8107,1213,2441
3576,8380,5815,4124,5493,6211,1684,349,1389,7094,1457,1010,7253,3593,4542,899,7710,7719,5556,9157,6106,6143,1208,8599,7917,3689,4912,6877,6915,3900,5299,4966,458,672,557,7563,934,1917,9783,6424
9970,2338,1409,7566,3591,2341,1427,3709,406,9606,1943,9745,80,5979,3600,9682,5820,8041,1910,3548,4445,1617,859,442,2552,6338,1550,3720,6797,3671,5521,5645,5582,249,4545,4201,1758,8079,287,9961
2866,6131,83,5763,6348,7839,4532,2352,1458,8702,1373,927,8163,9635,1413,4468,9304,5858,3060,5183,6910,3715,2851,467,4070,7086,3072,3356,3315,1987,2750,1318,1847,5233,7950,6735,9104,2409,2991,579
1952,6040,1431,2831,7920,8018,8233,4837,8361,6336,3299,1844,3093,9349,2545,5951,1748,8727,708,7124,4981,4316,5204,7919,6465,1479,6030,8090,2586,3389,1010,2515,1350,2347,1237,9911,3106,5499,7526,3962
2713,6842,7,1164,5894,2205,8401,4480,4141,360,4656,652,7077,8096,7907,5951,3414,189,2209,8550,3305,8683,9769,5745,4160,6405,6688,8528,1238,457,4656,340,9277,5120,6100,1705,995,4782,3659,3766
9659,2977,6369,8418,1291,6784,5980,4474,6427,5671,1752,3233,5799,2540,6959,6264,576,1084,3566,7115,2443,9395,6342,5095,4612,6255,5500,7382,5053,5557,5774,9105,9472,8190,1375,9956,5721,7371,8447,2724
9148,3036,4988,7296,8671,6902,2063,1852,3838,9747,5949,1221,2990,4280,8832,7155,5071,9370,3450,1995,3699,9033,8447,9159,7024,8244,3068,6897,1279,6909,1700,6656,936,1357,280,7595,9106,6223,6537,7676
971,5862,8860,7386,1384,2739,8041,439,5110,9180,8533,9138,5913,7723,8381,4044,9051,807,9830,7207,7192,9368,9049,4968,4784,4114,1332,210,8476,4184,6185,8837,8616,6018,872,3822,3777,9971,4594,3369
6243,8099,655,9864,1467,7100,8243,7974,6544,8498,5254,4308,7836,5578,2159,2329,4043,2398,6247,2442,6903,1559,5568,7502,4161,6336,5844,468,9487,5019,3856,8413,2148,6854,8548,4322,3747,5342,4625,1403
4082,1974,9628,3910,494,2370,5069,4862,9766,4766,750,7014,4558,1009,6228,2681,9388,9318,8392,8583,5712,1366,3673,1931,2167,7687,1139,2567,903,4143,3652,8774,4461,7789,1017,4079,4356,4491,8346,7154
964,5943,538,3078,9826,3511,8571,5291,3885,8154,3676,3620,7689,5296,2891,2632,8894,9186,2057,3364,2833,2662,467,4889,7396,8410,166,606,8960,3193,3532,7312,7439,6957,1176,1904,4560,2999,567,5890
8366,7713,8502,9202,8161,3275,1546,1832,6697,3411,302,598,892,4377,1045,1244,5381,3001,1195,7987,8813,2230,478,6835,3241,6602,4209,4317,6288,3365,857,2471,9094,6858,2118,8886,6726,5484,8524,8440
2985,3284,8516,6197,9845,1709,47,871,6104,3169,909,8161,8657,3939,6406,5498,413,3608,5744,7987,7695,8631,7504,533,9935,8886,3035,8894,8661,5269,9648,9667,1557,9176,920,8335,4818,9039,7279,1209
2748,3277,2259,1843,3513,9293,772,9776,9182,9011,6549,4854,687,3483,7476,3868,2075,8572,3779,1681,6762,5656,5889,2807,7886,9959,8750,1959,3747,7082,3167,7673,5900,4621,6853,6877,5058,5342,5685,4633
9978,5293,2075,3196,4109,4034,8130,1640,1425,3592,5028,2122,5019,9212,8009,8563,3276,1164,1963,132,1459,7737,9105,8960,7195,5939,2764,8243,3527,8661,5855,8833,6983,7298,5556,7466,8183,7520,5387,202
8750,479,9778,7758,9694,7346,6879,635,6,5978,3887,5663,1417,4687,3352,1694,8027,4302,5595,5896,2545,2219,4697,5531,2443,5088,9339,4003,8256,6774,1322,9583,5347,8928,9172,4534,9419,1843,3684,6588
6499,7805,290,9331,4407,6877,9505,4378,474,923,2586,3511,4537,2986,4641,3688,6109,4361,1668,7458,8751,9146,8848,7164,6669,6263,1950,4150,3500,4927,3343,6312,8859,8566,2363,8891,9860,8659,8729,8580
842,8266,4949,2778,3364,3791,576,6317,3398,668,2343,3181,3624,60,3407,8631,2645,9133,3958,8666,3139,4127,4092,7544,6124,1162,5092,8573,3940,4745,9540,4572,4253,2723,2550,8414,6127,3674,1858,7370
868,7601,6988,8306,2363,9222,1915,3786,9913,3630,2326,5702,2737,845,6246,6263,6530,8561,4495,7827,5580,6674,6744,2345,929,7877,6537,8305,8464,1379,9173,5738,8657,8020,3051,7321,4515,6800,67,3963
6386,6907,7582,2004,5158,4796,4468,9394,1420,2419,2198,414,1970,6993,2987,744,7979,4595,1584,680,7295,931,2163,9647,7815,2520,9141,8998,5733,4043,4257,4731,3879,1956,6225,7910,729,6473,6341,3431
6722,3132,7170,1614,9007,7122,698,9700,525,9327,4211,2911,7118,5960,9054,5232,8451,3878,3570,637,756,8947,45,9077,8798,1438,3752,6504,8981,7974,9571,6068,8892,6167,5673,9115,9719,4647,2323,4114
7941,7308,4133,7578,4474,2878,8884,6498,3702,5123,9919,5794,8115,5793,7491,8017,2263,758,5762,2294,5667,815,4799,2131,4492,9077,6299,4201,9290,3484,6923,439,5402,4939,8443,1181,8127,4024,3328,1455
7019,3115,5887,5902,2226,5403,5777,3000,6056,7736,3072,9275,546,1400,3006,4839,6838,9510,2422,820,8112,6643,4235,9023,2268,8261,4420,9156,5384,7009,4672,8585,5982,4449,5891,1241,6214,6156,5860,5498
7127,8239,6121,2398,7343,5181,431,5971,9071,7218,687,9541,171,7523,2650,6537,1714,8664,8836,8004,8737,5272,3667,8660,6460,5520,3327,5833,1089,9645,7967,9673,4974,9665,8134,3935,2336,2765,9853,4064
913,6745,3758,3315,9634,5220,6965,1793,476,8592,5998,9413,5559,9774,5126,7856,4224,5596,9326,7155,8635,5097,9021,1811,6716,1514,3472,9822,5849,1648,7228,3747,7280,2117,6826,4039,1904,7665,1210,949
6065,6989,2398,4348,7925,9452,5751,5757,1175,297,4274,4526,1468,2400,4305,7113,6338,5610,9718,2945,5708,6655,9337,6368,8083,2621,4997,28,2501,9999,5811,8036,986,9806,1397,2917,1348,9987,4748,3313
7102,2812,7537,2430,2799,5749,2612,5255,6230,4606,9906,1326,5951,7221,8734,4718,511,9110,3533,1239,5680,5372,4731,4394,1898,4204,7287,1508,8850,3323,8298,430,1203,6088,732,6969,722,3988,4357,8219
910,9529,6747,3125,1217,8712,6076,2429,8066,8497,5181,424,7096,6655,429,7275,2378,1384,6208,3933,8503,7606,433,3156,3532,3269,5677,8469,1115,851,7083,615,1037,9427,2178,2409,3684,2135,649,5464
7538,8453,7978,3049,625,236,3935,2561,7053,8858,9050,5668,2016,7684,6458,3391,3493,6527,1981,1226,2681,8069,5196,9856,9470,3079,4221,9145,3218,110,3847,9628,9565,7339,1848,3060,3079,5982,6925,3780
6603,8982,5631,7123,1411,4246,9427,8232,4577,3932,640,1375,7168,3214,9563,4111,702,6449,905,714,7308,9744,1795,8375,3694,5533,6434,2771,8244,7232,8682,5534,2298,3652,8125,1617,3957,7449,7705,5839
769,8923,6920,5331,4764,5801,8769,4839,2704,4017,6408,8245,7574,388,3525,7171,8371,5791,3786,4212,8741,5982,8529,8688,1173,8504,6885,3652,1627,7792,4348,4190,3640,5129,8754,2968,1083,5033,4755,574
3637,2536,9973,7395,4658,4783,2956,5222,1089,7712,1351,4536,8011,6287,9345,4011,7636,5193,1691,4295,7216,3366,8401,6994,9593,5358,6410,2056,1,1198,1978,941,3396,7161,6350,616,3699,2435,5163,8131
1057,2288,7328,3027,5157,8535,6766,5136,9917,8163,5183,3008,3946,5928,2934,6666,124,6259,7017,4656,2869,3935,7308,6077,7700,8346,7426,5420,9662,1949,225,9835,82,7470,9638,655,7661,8064,9139,1886
5711,6686,429,8306,3552,1251,1582,5496,486,3288,366,1766,8493,246,2658,2644,6334,1522,7570,6287,5012,8114,1470,6564,6477,7827,5929,9697,7913,4342,8384,2311,8932,5202,9369,5342,8349,6786,4518,610
7482,6454,4126,5219,2445,614,6580,8619,91,3195,2074,5676,7951,1881,2328,4417,9779,1279,9025,1234,6749,6269,5,3457,7108,5454,8502,771,5199,9449,5638,9775,7909,4902,2228,9667,8276,4681,155,787
5761,1111,1704,8351,5698,635,732,1869,553,1308,4476,7566,5305,8011,9952,4997,4831,2333,6407,3441,5597,9202,9275,8384,4521,7018,9671,6237,8392,8462,9313,551,3282,2240,2086,4375,1719,7913,1498,8342
8970,1335,4232,4024,2096,2865,5166,9606,5362,9471,5138,4754,9972,1000,2174,8336,3649,6513,873,9435,5460,6281,1302,6743,4981,7001,5391,1309,686,972,9640,5912,1297,4296,2861,7855,1070,2201,5823,6254
3829,3739,7862,2277,5154,2827,636,9195,9864,4715,8871,1399,7371,5332,9759,2225,2357,5877,1817,1224,8114,2451,2531,9027,3093,7959,1099,5070,5339,2672,8777,5649,309,4202,4420,9334,2347,118,453,7721
8171,2994,4653,6058,9770,4053,8443,630,6793,4895,8140,83,1613,2650,5665,3837,2031,5505,4471,3479,3313,8837,9251,6748,4319,4178,7757,218,974,9986,947,2619,1470,3785,5279,3611,6296,295,6226,3829
8499,7340,1596,4175,3182,2333,3973,3587,5657,9785,3372,22,5854,7022,538,1052,8411,2295,5104,4627,9771,4334,4628,1686,3378,2568,8515,8715,4876,1948,3215,3225,9459,4652,6737,9856,4604,1661,9577,5670
6636,8516,9096,337,1584,3001,707,9669,2498,7385,539,8333,7685,5061,8809,3419,4059,8713,2122,1701,1094,2158,7069,9439,5448,9045,2205,7889,8161,6910,6015,9758,146,5369,9043,691,5123,9684,7723,5228
7659,7918,5126,357,7544,7396,1978,4709,669,1153,839,1067,2641,5445,6848,6060,9064,3739,1805,6613,8349,9815,1718,6258,843,118,3309,823,2555,5948,1907,7599,2364,7120,4385,3443,2915,4698,3552,8407
3262,9789,3404,747,6163,5947,5650,3007,1091,1137,3306,3023,3251,8668,1174,309,9420,1300,6737,4577,6174,5601,1374,8604,1475,7765,3038,7308,8505,9090,1118,3923,5715,4257,7467,7206,3980,3474,7907,6544
4057,5479,9166,3884,3246,3986,7938,7019,8443,2353,6401,4446,6418,2286,4538,8827,1121,5141,8578,8938,7890,289,2310,4325,4741,1521,9252,2338,9,8720,5676,2863,5450,7692,6318,4464,7912,7453,6454,5437
2420,3402,6192,9142,4461,3216,5691,3779,7341,6478,368,7035,3253,3244,8698,450,5437,7012,1043,8358,7484,1415,2495,1938,5402,5174,2986,8572,7227,1105,3558,1777,8640,4531,7300,4700,2270,7110,4118,2660
8334,8886,1785,9352,7083,2767,9027,2585,354,2276,2408,6121,3560,2515,6354,4310,363,2692,1627,1753,6471,9009,7046,7798,5006,2647,4991,6037,5383,1604,1652,4318,4985,1568,9731,6895,1292,6508,6387,3479
6166,8859,7103,6836,3907,7990,6632,7435,1641,7408,633,8595,6596,4223,6606,2164,8026,9442,4022,5868,6830,7584,8268,6045,2383,1462,4528,1653,7833,7849,9982,1336,2860,2809,876,2984,1666,1300,9340,2074
6912,9966,996,6030,3505,374,3947,972,5983,6216,4670,3413,7257,9717,4606,3858,8222,2074,3917,4708,8565,170,5752,9721,9069,4577,7979,8236,9769,9704,1828,3066,7300,9962,3091,8109,4376,9516,7979,4806
5076,5670,8592,5675,3954,8747,3946,6667,2089,3974,9563,5054,5548,339,3886,1387,3127,1856,3904,7451,6487,5546,9546,3376,9131,2631,9849,9400,6540,1845,9144,7782,6782,5361,1784,8877,7835,141,4728,8216
2673,3968,925,8833,3949,7533,7769,7912,2284,1191,7519,7289,4254,4814,1774,610,7716,4628,4973,133,1609,4803,4430,3794,463,8137,7592,3128,9878,369,9298,6499,5713,4275,1754,7753,17,7068,3486,4448
9644,7431,2406,7245,15,8180,8014,4923,8074,2275,5634,4085,7348,723,3287,2146,3072,9393,4972,3533,1762,3853,7769,9040,3042,227,5594,2714,9256,7680,4382,8502,125,2721,3031,6529,4406,7599,1025,7813
6134,301,8250,2757,4078,8525,2681,2385,4569,8016,303,8126,1624,5683,1057,2457,1865,6708,8155,1912,2422,8469,1078,9808,7275,2133,956,411,9026,6120,6436,2892,8007,7513,728,8356,5459,5196,7243,2836
7491,1275,7394,9868,3104,5285,6984,6312,5548,6920,6303,6126,4109,655,2330,9543,6369,5465,4866,8136,2679,8341,6316,651,6688,237,8254,5638,2314,3956,5042,1328,7955,2538,4156,3564,4052,5712,1069,322
6209,8334,3980,2778,3170,600,7589,4157,9452,6284,5367,18,4160,3016,6890,7968,6580,7909,4075,7603,7945,3880,8204,4124,1507,2700,8793,7375,7622,6552,3892,1065,9593,6093,7007,2342,9836,3026,5529,9558
6299,3569,9096,9126,3224,4993,9214,8571,7001,9158,2559,8917,8928,3878,2543,1203,9668,9454,9153,2690,985,9220,8584,9586,6931,2014,3042,9402,5437,7248,8527,3852,3835,3477,8841,8348,1547,1593,9557,1962
1304,5815,6963,7094,6050,3792,9849,8217,64,3045,316,4768,1760,7685,4022,4105,6337,2017,7343,6975,9650,667,5998,6653,1732,4762,8746,5110,2796,439,1465,1463,6358,4763,2178,2056,7742,656,1283,8178
6416,4687,993,9223,1360,9326,9720,5596,7872,6286,6559,6722,5018,9783,6412,6410,3998,1543,7330,5933,25,1742,3349,2,2679,5414,58,7553,4660,667,8381,2252,2165,1228,7748,2090,7822,6960,8259,1950
6436,4247,9930,4734,6464,8742,7585,9155,6169,6655,9779,4072,3257,3527,518,1656,206,4012,4241,1630,8592,142,6403,3716,4536,9579,2589,7147,5159,7350,6675,7755,6741,560,5983,7483,1083,8223,6417,382
3451,7692,4977,5690,1629,6733,9116,4355,6751,4306,5835,5656,4947,5290,1105,1596,9880,305,1935,4296,9342,3427,4699,5619,1111,6208,510,5782,512,8626,4715,3477,3436,8355,4021,1675,3142,718,2417,5181
6620,9925,2264,5955,3119,6845,9510,8887,9968,1614,6158,2189,7453,8383,1150,5940,6236,4748,2897,4985,761,8606,8287,4490,8745,3169,4739,1165,4832,3592,683,7558,144,8158,7706,7108,2918,3791,3612,1320
7656,1639,6910,7996,6556,7693,609,291,5455,9845,6625,3542,3485,6482,9958,8773,7211,6123,8972,8619,7401,4674,5817,4018,7261,218,5764,3554,922,4300,923,2155,4398,1190,8853,9105,7915,5655,4867,4594
5013,2663,3707,7962,5042,2889,7938,85,9134,3214,7381,2029,7561,2604,4821,2089,4807,7206,410,7569,8303,291,1148,8805,7964,5671,7202,3400,6711,2251,7917,8453,4893,6397,6516,7013,5977,7583,4065,8213
1683,1663,5525,3966,6018,1268,3065,5386,6013,9513,800,4082,9059,5011,826,778,5160,351,4501,9437,7270,8105,2008,3093,9295,2810,1781,2103,7329,2566,2150,9758,9347,3541,2230,3751,8503,6302,5073,1736
4258,1176,6058,7879,5404,8803,8478,5534,4416,1176,2221,5488,8702,7807,3009,7467,7531,7771,778,4603,969,4762,4449,4273,2577,8840,6833,7888,8085,6156,1832,4921,262,3198,9478,5056,9640,8060,9235,5272
2650,4007,3959,2677,3099,949,3100,3331,2772,2600,998,2352,4369,1901,6891,6003,5710,7208,1671,2439,1872,344,6147,8599,346,1559,5194,2893,91,6003,7359,9249,3298,5168,6843,8230,8666,2900,4588,1842
5557,8399,1407,6621,9600,9897,7094,6188,5094,3797,8472,2640,4492,4115,1066,881,2733,9391,6445,1360,4420,9276,6752,1073,6207,6463,8489,2044,9583,4449,6338,7433,824,2146,8478,9464,2542,6654,6161,9548
5465,6722,387,6243,268,7628,3046,10000,9596,1458,7902,2991,7699,3823,474,8682,5552,7791,4678,3184,8829,8004,7000,1055,7021,2284,5911,8346,8405,8906,5927,4961,3266,9374,1529,3059,7723,9462,2243,5740
3173,28,8706,4401,3335,8854,9009,7528,2432,3359,3307,7590,5715,5248,8460,1065,8450,6317,9918,1599,203,2492,4039,4359,5221,8210,5848,1368,7405,5492,7447,4162,7556,9781,1951,1315,7596,9775,1012,6633
9228,2675,552,8304,16,340,8678,2078,8942,5595,8921,1772,3726,706,3933,2732,2020,8727,2660,2426,772,399,2845,7631,5190,2014,2224,5007,114,1384,6527,4619,395,7952,3532,2337,4120,899,3711,5384
49,2944,617,4440,2503,3902,7821,3652,848,1410,2189,9802,5859,1865,5436,6929,8535,3032,8266,5720,3266,5996,6565,5358,5220,331,7727,3508,3812,4468,2766,5432,813,8583,892,4675,1608,3562,6300,3591
4590,4683,9934,2342,9400,7661,7461,3613,4979,197,447,9537,860,4904,4144,5011,6464,1711,2879,268,4593,4125,7325,1469,2451,7585,6191,8204,4327,8525,2693,9631,2710,7007,4218,1292,6616,5324,9636,3292
9757,934,6958,8031,7476,135,4786,5618,6527,9887,1678,8389,2699,7899,2333,8524,3442,4903,4450,8383,9272,728,4892,1924,6562,4136,3227,9542,3198,469,3941,4689,5593,8271,3169,3145,2369,6320,2973,560
7969,7769,2379,6428,9136,3663,3481,2861,7380,1252,6089,425,5026,1813,452,2660,7481,7029,6793,2625,190,7769,9049,5286,8362,8967,1295,203,1323,3253,8605,8491,7582,1340,45,4112,7622,4058,6966,8385
8429,4816,2706,838,7843,9048,2157,7153,6660,8982,3863,856,869,3489,8548,651,5380,6139,4727,7169,9856,4413,1757,5710,7697,7925,2264,1493,8704,6666,4795,5362,3252,588,3488,4777,2662,6972,7189,3238
8265,3857,8088,9666,7632,3510,8622,9196,6620,9316,7829,229,8720,4636,9025,9775,9755,6742,9307,7702,7928,9736,8616,7434,8800,6793,7262,7601,7733,4276,8242,5734,1178,9377,640,6433,6884,2703,2562,3673
1750,794,942,5159,6295,3941,5402,4,4188,7958,3324,7331,1321,2112,509,3994,8204,260,4431,3772,9610,8778,1018,3213,4112,2070,9383,2860,8702,3428,2964,1344,5507,1548,342,2373,6518,783,7971,6394
1879,7162,6737,4173,9159,4472,5187,9572,9377,8601,8546,8380,7438,3382,588,4764,6728,7424,6356,2352,9486,4033,2717,7082,789,6123,749,8609,7963,3433,7623,2681,7119,5565,2988,9817,5899,826,4720,2851
3804,7465,1703,1876,9651,4306,8767,4331,9853,4884,2952,1505,6958,3164,1004,1630,2395,7255,2289,4541,3118,1592,3529,4543,8611,7116,2724,605,5290,7361,8152,2659,3682,6529,8227,7378,1567,3100,2061,7522
7257,3394,7174,2594,9225,6428,2932,331,3056,3252,1359,4496,9078,3738,2311,9092,7058,6287,8191,5253,7007,5168,8166,2270,3913,8905,5523,1699,8627,7707,8806,7988,8922,3565,4394,2759,5792,8517,6912,170
3580,4795,5635,4146,755,7864,5562,7085,2102,9393,5803,153,3927,5188,3613,6575,3861,4928,308,6433,4576,1291,1948,9145,5188,9407,4116,4680,5489,613,6138,2971,882,1683,9906,2577,9351,4174,4138,6364
7896,7242,8630,892,2469,7270,6078,2247,4778,8064,2947,7600,4797,6127,9262,6885,9140,90,306,7564,2149,6516,3768,2908,829,5714,7774,6694,2615,1798,5951,2236,3504,4293,8048,1813,40,3349,721,2449
1543,1939,3894,3492,8838,8329,5375,5674,5414,1023,985,9074,304,458,3073,6706,9849,6029,7356,4863,7427,8568,3122,1489,8823,1618,5749,9492,5707,2361,5663,2664,1506,9932,1978,4267,6849,7811,2836,8605
4095,6063,4415,4452,6435,5971,2058,9223,428,5250,3036,8668,3507,2837,3123,8836,7475,5048,2813,3783,2873,9108,406,261,3880,9770,5432,820,9802,1871,7246,602,5551,8777,3268,1277,7620,5237,172,2448
1141,9845,591,7264,4506,7830,4400,9492,7987,3287,8673,8056,9925,8987,8295,9271,624,2801,9334,7266,4353,5406,389,3944,7101,2259,5720,6643,1282,3613,8448,930,4159,1374,3763,4844,6613,9312,7424,7059
8944,1548,9400,1704,8480,2322,1128,8064,9661,5062,54,1620,323,4603,3513,3399,289,4500,9029,3019,2891,8601,4262,8530,292,2970,4956,4797,782,1037,1490,3061,3519,1006,8284,8874,3268,2140,874,6389
3352,9011,5270,3838,4905,1097,3090,9084,1993,4491,2141,8807,6997,6795,3155,1194,3010,2555,3903,8853,9016,210,7133,8928,7854,4597,2690,7761,8488,3805,757,7699,1974,4731,6635,751,3167,7964,4931,7111
2371,1321,6208,8460,932,1987,5941,1002,7179,5893,2497,5947,5501,2281,8722,419,5410,4545,4442,3684,8469,8047,6529,9049,6121,2559,6712,6772,2613,5437,795,231,5846,6459,5383,89,5655,6803,3905,749
7647,5094,9652,8422,8946,1446,8975,4018,432,5288,4183,8252,2011,3121,9611,3944,8719,6701,436,5413,412,755,3381,5802,8728,4768,7638,5490,2545,8304,5446,2569,9545,7531,188,6020,5345,6055,1268,9080
6347,4032,8594,1812,529,5346,2017,5179,317,7623,5536,35,6850,7044,8832,1837,5522,3141,1757,9349,4206,2857,4139,1419,6594,4785,2686,9975,4596,4494,6786,6049,8573,3731,6396,4567,1368,5864,5245,2440
3631,7809,5534,5547,1087,1490,279,762,7153,4222,1845,3667,8310,509,4934,5975,1305,7979,3528,6343,6246,7673,1123,5020,5905,9600,2116,7376,8378,6259,5194,3232,2303,6067,2253,9811,8767,8143,9448,3861
459,2730,484,615,504,5198,2155,1614,1762,6475,803,5393,7727,2546,6717,446,8216,1355,9909,2743,1470,5714,1935,9963,8007,3488,7132,7723,1958,4979,2209,4611,3657,6712,1462,7774,3597,4878,8662,9954
6881,3586,125,7285,184,7081,8192,5160,6097,2348,2230,7405,8214,2874,7886,5411,2606,4934,5591,4200,4989,9229,3060,4231,1247,4093,8256,3681,7548,6614,9326,8519,3566,8641,9245,2941,2994,2781,678,1991
2409,8835,3057,6824,8947,1663,2023,5175,1224,9373,8297,732,2644,1718,7586,6492,1888,2573,7144,4145,5913,8370,3165,5709,4340,1229,7754,265,7143,1830,2556,3580,6265,1017,4198,3884,403,7323,2313,164
405,6589,5488,2663,8785,8638,2550,9766,5752,8486,8114,7927,4266,9266,5339,8223,1279,2223,9934,2531,5066,5103,5350,5536,4970,6147,8346,4373,1624,4402,5242,6023,8996,9306,4436,4357,1775,3517,1812,8014
4692,3929,4157,3034,4199,789,5145,6615,5965,8942,3452,6702,9280,4444,4737,977,2673,59,2039,2624,6268,5749,6058,6263,5061,2427,7420,1748,2545,9264,2192,8315,3050,2028,6483,9405,5885,8806,4700,8961
9513,8256,7510,7137,1404,2009,5549,4847,873,3226,8429,7037,3945,2130,7650,2031,327,1340,6085,7271,3298,3282,6545,606,1990,268,4038,2133,7437,9242,7950,9087,2312,1582,4438,6026,233,1312,2155,2779
2555,9051,9700,5811,9285,3367,1372,9596,5420,1587,2107,6059,3525,3820,8145,7757,1648,9807,5741,3240,445,3568,5183,6568,7985,8483,7242,7586,3532,8386,3424,3256,5911,756,5011,8294,5595,3194,3884,5254
7931,6626,6616,6553,6829,2928,5317,5608,7892,6497,4321,4210,9952,6893,7121,596,286,3202,5074,6566,7076,4923,9835,1428,9805,9654,6475,4597,3238,1625,2107,5080,6507,9297,9012,7486,8698,689,7847,6614
8165,3260,2107,5938,646,7113,4359,4883,4113,7800,226,1603,8148,2295,8146,8359,6139,4340,7948,7606,5137,9518,1749,6066,5898,886,4085,4781,6961,9486,2666,793,7873,9301,7355,3243,6537,4847,3588,1922
8942,5743,9221,3057,6597,6208,151,3460,5760,3278,9856,8731,6330,6364,7774,2497,8011,228,9466,2084,628,8896,4238,4069,1300,836,8894,4426,6566,1624,7227,3983,1719,4245,2952,3534,3290,4174,6307,3273
2971,8863,5388,2106,3587,7006,6384,267,4842,219,6322,9005,860,2294,4859,6064,4534,9847,1280,2492,3217,9052,6773,8013,2694,3688,6513,7903,8636,9525,9397,306,4496,9985,6319,5035,1630,9775,6036,7109
924,8534,4622,6556,477,1944,4696,4864,1574,5090,5143,8395,1998,663,6909,59,2364,8572,1949,3094,3597,5255,1103,831,6501,3070,3944,7609,5762,2980,4419,7412,7527,2480,1506,6869,315,4819,135,7382
1798,6100,6101,6136,6519,8209,7947,7333,1590,7420,1392,4322,4614,122,9079,1211,4781,3471,9874,4247,8592,3223,6631,7805,3370,653,7715,1118,9023,5706,9343,2359,7098,2815,8112,52,4382,9963,6660,7669
6103,4607,2193,6650,397,5165,769,4031,671,9798,2881,9058,5838,1892,7145,983,8419,3777,8520,4423,7466,3243,9796,2125,1003,1649,8588,7484,7561,9249,7834,1122,6387,2471,9844,9538,6377,1528,2495,2743
7393,5474,1881,1151,623,3523,1840,3045,8542,8324,7310,6261,8383,5105,5402,1961,6609,3795,7632,5305,300,654,7850,8508,1214,9390,3254,8564,4822,2728,5415,6762,5325,251,9647,1368,619,5706,3547,107
3676,6634,4630,1848,6769,3190,8398,577,1854,804,1728,8090,3670,4179,7895,5810,2267,8146,9625,6377,9653,1831,8281,4744,2421,8290,9387,821,8760,4916,5549,3185,5796,2904,3164,119,4904,1988,9469,5290
608,5692,6292,4990,4795,569,2420,4561,8106,8806,1959,1560,9964,6234,1900,4773,8824,3601,1702,5184,9982,3771,2961,2554,2879,9222,379,6261,6085,2875,1470,6256,6382,3783,2322,2806,4184,8185,3657,1768
7294,2655,7066,1059,1013,4480,2643,6802,751,59,2998,3125,4918,3273,440,8137,8581,1167,9548,1708,7702,9095,7457,2799,1279,8730,5853,5366,457,232,4172,4181,4471,786,8390,3680,3691,7014,846,7261
3102,6422,6005,6232,8303,1367,4305,4423,9200,5843,5443,9012,133,9816,85,6703,5771,5027,695,8953,522,7412,1157,3372,9612,2451,6534,7902,9300,681,7020,4153,4424,6201,1098,3537,642,7432,9226,9811
6583,388,9657,1457,7236,3037,3073,908,8932,5087,6100,2933,5555,4971,6448,8978,7018,6998,5418,7344,6631,9515,7776,232,7174,9471,3753,6061,1996,4572,6145,6020,1545,3356,5602,9828,2466,5034,8429,8262
3414,5599,8610,5967,5501,5689,8450,3023,3326,3700,4877,2663,8073,8345,4406,4308,5409,4559,2791,1033,8582,957,4570,2699,9669,7647,4896,8321,6318,4440,8623,7772,6892,9855,4620,4723,9641,9805,1580,4017
3526,6744,4932,9201,418,1333,6494,9567,946,9331,8109,3487,6916,1998,8506,1107,5068,8879,5000,9095,5578,7693,5261,6573,2857,8978,8126,8395,5273,7351,3945,5316,6471,63,914,2787,4817,6206,8486,6111
5894,1128,7996,2353,3392,3721,8447,1139,2546,8011,4855,2776,8312,3075,7560,6391,1906,6091,1306,3412,7056,6019,6658,5138,849,3077,9973,2114,5223,5855,3942,3968,4647,2472,5893,8790,2472,1051,7342,9307
9505,1326,9933,6123,1032,3773,8291,8788,2844,4671,1194,210,2370,2174,7333,6522,9162,4632,8238,6347,3247,7890,9695,6965,837,756,3138,5828,8182,7128,5522,2923,1798,2860,9218,6419,8464,4862,6217,2476
9370,9301,8844,868,374,2400,8462,9493,5177,3015,7331,9972,1938,1438,3399,9592,9786,9001,3323,4111,8043,3109,3511,878,5671,179,9352,391,6494,8398,6239,1175,6073,7565,1495,9904,1349,1904,9861,1971
8230,5649,1610,3569,5664,5084,4724,3808,4447,7317,435,584,9917,856,5075,947,3364,6241,371,5375,6212,5294,9020,7614,5066,915,8274,2682,19,1486,8360,1435,3571,3226,282,541,101,6159,4814,3830
7323,4052,6901,3844,4661,6781,6496,7872,3745,3529,5698,615,5609,2457,7399,7737,7380,9899,7999,2552,3761,3956,803,604,8628,6590,8641,3078,8959,3433,7146,6914,5009,8852,4708,9683,2275,7143,1488,4104
1611,5835,6358,5850,3947,8653,6820,1846,9077,2244,9776,6420,7473,9113,8590,1756,1030,1548,9850,8801,8819,5343,906,1935,5837,3834,1523,6840,9954,7744,6011,9320,9711,3708,8623,8742,3466,3636,8099,2093
9199,6991,2760,9606,8653,5884,7189,5296,2928,5683,6335,3893,2504,1795,8289,2591,8431,9376,1372,813,9183,5255,2697,4743,5531,4043,7179,1389,8632,731,9996,5254,9995,8553,5158,505,687,6146,5878,7074
7777,6049,3245,8110,9115,9266,4701,9078,8605,4876,8517,7470,7270,6571,161,1206,3706,9265,4837,5013,9948,6788,2359,4626,5020,9106,1549,8136,6412,9200,8497,7394,7186,3742,6953,3434,1367,4836,8661,5738
936,9531,5759,2552,7654,9220,371,334,8404,3514,6788,3944,8162,8838,9768,5102,8216,1741,4334,70,865,8954,3437,333,6810,4966,3786,8557,3432,9529,614,8342,9774,1546,1116,8747,2910,6086,9952,959
5222,7168,9618,4765,6383,473,5396,3767,2412,5677,4696,515,2981,2098,4965,8974,8072,6482,1890,8131,8073,2550,9335,392,1943,4825,931,8062,6444,1318,3062,1133,3759,9260,4500,4064,5212,104,3743,1538
687,6305,9208,4765,1688,7025,8959,9732,889,8616,3837,35,567,4903,5493,8175,6078,761,1333,6143,6430,6979,1128,8683,8445,4115,9904,9641,3516,2766,4721,2822,8089,9474,2432,5796,6236,3164,9855,2859
621,9002,2905,2078,9835,2521,9779,3886,2578,6640,8687,285,7511,8145,5892,9182,6077,3846,9381,3115,632,6911,6577,2383,3256,6886,1847,8700,4936,6833,4211,4222,5878,3699,2495,5982,9660,7372,5005,6527
8829,8485,155,4260,6464,297,2377,8567,6194,7777,1114,692,333,9738,1612,6275,9393,9107,3944,6099,5905,8616,5326,4940,9375,8726,9091,5366,12,5521,6358,791,1293,1849,2380,1077,9030,4150,7642,4009
6914,5701,3611,6227,596,9115,3860,6447,6600,8248,3461,5955,7199,1388,2338,2664,175,5229,2284,1767,378,5496,802,1957,7709,8636,8085,7482,8498,6550,8658,5045,3092,848,5865,4743,3657,816,6728,2683
8366,3979,200,3277,7002,2202,2784,6047,1735,4144,6084,2303,6140,8491,5455,9705,7209,5367,8453,5703,849,3283,9799,5680,2048,7831,9029,1570,5169,1912,2021,5275,9574,4008,3918,8005,9775,5672,9694,6353
639,9177,9213,8676,154,5220,8483,296,7376,4842,5073,7037,793,8380,2534,2165,1101,6893,527,6873,43,8340,6228,4966,6146,5607,8996,6095,198,4800,4242,8715,5592,2232,3282,314,1645,4876,5274,9099
1312,4061,6815,5608,4723,4680,4548,8422,9702,9778,3849,2901,8804,6934,7320,7814,5629,6481,2967,4667,5300,3155,8452,2790,4519,1417,7462,4668,1135,6122,8285,4181,2754,1141,9777,3105,1420,87,136,5077
288,9398,7608,9328,9002,8785,7351,7673,862,8914,7673,5742,697,6154,6851,2423,5417,6215,4393,4152,12,1830,3959,8910,6651,7845,3428,1446,1710,772,4843,1488,6719,7906,6010,2371,7531,6779,1816,154
5591,3082,385,1255,1701,3335,7043,8196,3305,7079,7141,7139,2775,7657,4567,7329,6297,9575,5779,4930,1986,5167,7507,4009,9444,3099,2728,4560,4161,1924,8239,9309,4379,6250,8982,5412,9425,2226,8153,9564
1555,1921,4227,3226,348,644,3467,804,2941,9439,2219,6042,2587,783,5360,1370,6447,7399,7308,9053,8570,9203,8735,7552,8290,2389,9319,6895,3715,5309,8601,9491,6000,3170,1214,8905,1948,8252,6558,4721
8207,2848,9553,7357,3604,91,219,485,4004,3908,4096,4988,1446,3247,1494,6249,8833,990,7941,9134,3356,4910,2865,7853,3957,235,663,1668,5859,845,7238,2172,5662,5381,7215,3114,7447,1932,5123,300
993,2639,4314,6016,1790,5604,8585,5388,6690,4077,4084,3770,8043,3685,8770,7803,8194,2914,6664,6731,5242,8317,8975,4978,2851,5495,797,6643,6564,1880,6125,2710,8548,7583,8471,6975,7623,5512,7994,3520
9078,3263,7710,6974,4287,3001,2185,9684,2169,767,6116,7402,4970,8692,8445,8973,8766,3979,5142,6323,6175,3512,5328,4302,7054,3950,6603,177,7352,4358,3933,3759,3530,8246,1503,7690,2346,5300,4118,7448
4764,4495,1189,8716,9147,6664,1240,2125,2124,289,1163,9174,8993,1518,3178,6024,7182,3310,3833,2235,3943,4655,5298,9954,9349,5123,26,3435,604,3786,7524,4264,9259,4713,225,4506,7973,6638,8865,4916
4866,4303,8366,3127,6266,5552,3986,3022,4013,9909,6320,4291,2849,4380,2107,7206,3010,9572,3058,2253,1428,549,7534,20,7287,2106,2899,6488,4276,8368,211,1245,7902,4900,2223,9787,3463,995,1417,5874
8116,4539,7010,4646,9057,7119,3704,4745,267,6756,6085,1330,9696,944,1750,849,6247,9156,459,1781,2314,4860,5987,9531,9406,5046,6435,2857,7706,938,147,6802,4362,3725,6789,4279,8528,100,4132,9936
1490,2225,1951,9547,3087,2995,1384,3352,8131,314,8628,6291,3749,5551,3215,8682,74,7736,645,5285,9818,9108,3540,5313,5304,8131,3232,2095,7914,8967,1558,603,2408,9937,3354,4981,8621,5643,7059,3521
7171,5481,8665,9184,1255,8203,5861,1418,1548,2173,3703,9639,2998,5973,208,4372,5113,3341,8959,1614,9005,8357,3,534,4310,7558,622,5036,793,9651,6941,7559,5181,2683,3715,7298,2241,4715,2985,1395
8128,2933,8067,8928,9668,3788,2536,7901,4099,985,573,5969,106,9592,1753,2947,3646,5253,441,6188,6162,5466,1176,2662,498,5515,2867,3811,4071,5419,1308,9990,4857,7817,3859,8745,9628,4547,7682,6297
2759,2804,446,6558,7468,9796,5018,7105,1626,4175,1637,4993,8915,2957,2566,7174,188,8040,9217,634,7625,9828,9981,1840,6515,9220,5754,7896,7521,3045,7324,3885,1731,5866,1627,1785,6928,8894,9395,5522
9308,3518,1491,5166,8199,255,186,431,5462,3272,2195,2602,1415,7493,1410,8959,8115,1041,7401,2771,4009,9277,6985,9249,2806,7777,6809,7163,5064,9719,8191,9311,1907,7138,1565,9063,1044,2783,4507,9376
5376,9953,9632,6488,7761,9830,9389,4971,7652,9383,7385,1053,2487,6485,4952,4951,3214,1008,3787,3695,2660,248,1442,6451,5553,6496,570,25,7656,5,1935,6084,9680,6303,7786,1862,2212,9153,6172,6447
29,8682,8766,9863,1954,6169,1505,6110,365,1722,5647,1092,929,6072,6449,5474,7471,6073,7872,3826,2297,6237,9143,7154,3322,183,1035,1258,1472,8652,3671,4394,7511,1717,9460,943,2843,6291,6698,551
218,2457,4395,6987,5617,1383,1970,4403,3762,5894,5294,8770,602,7160,3591,5726,5240,6931,1357,3432,1706,2182,4256,1481,2489,108,6616,3157,4139,7572,6063,3639,6059,992,9985,3983,5017,1597,6271,8529
8732,380,9931,2724,569,3721,7225,67,7433,178,9113,5490,5714,1332,6003,3663,2677,6171,8781,4182,5005,3471,786,5158,1898,2811,8198,7203,7958,6410,9695,1164,9091,6984,5202,8863,4320,9017,707,7008
5757,4546,1032,6820,7619,8351,3783,5451,7596,2973,1677,5138,7366,686,6848,438,3361,8206,5676,347,8297,7889,7557,3321,498,5464,9703,7538,7148,3657,4157,4217,5850,6882,7245,3761,5453,8219,1804,9596
8286,9688,5255,1520,5355,3711,1266,6495,4607,5016,5536,8330,248,1959,1428,2463,480,6042,9824,3368,2765,189,4432,5631,4146,5584,7826,9103,3707,7742,9694,7317,8276,2511,7306,6995,2792,260,666,1804
2521,4700,4714,4396,7171,4624,5702,9918,5912,7667,5430,303,9260,4666,696,9032,5993,9002,9512,7979,3382,906,1734,2462,5323,9356,8895,3170,60,864,4728,648,4186,3128,1592,810,6449,6795,1833,3069
4480,1843,8941,1374,3534,9398,1036,4877,1059,2908,3962,4681,2428,4038,6867,2652,3061,3552,3881,4826,2019,3659,9068,2522,1652,7033,8814,8868,3467,3908,857,9950,9593,1006,3065,2297,4111,3729,5127,8381
7731,5299,8767,568,3029,2641,5975,9576,7602,4045,6816,9887,9818,3115,2273,8528,681,2718,5586,4349,4370,9151,4568,1741,1745,5991,7750,9636,6216,1425,9342,7531,9610,6449,2866,1953,6317,6586,6195,4611
681,9588,9159,8605,2619,808,5568,4755,9948,5593,1416,9605,8920,2229,557,2417,5138,4573,6316,9495,7706,6396,5996,9692,6078,915,7060,2540,2804,7330,761,8730,3271,5854,65,9558,6417,5706,3486,8218
9795,8121,5298,713,4022,5725,3538,4004,7722,638,3871,7440,169,800,1659,1606,1675,5743,2672,8251,7425,8164,8023,4404,1233,3752,5824,6634,3197,9371,6249,5961,3786,3739,7995,6176,1131,9499,8764,4923
8700,2929,3221,5366,4262,4654,5960,6267,5358,9618,8507,1986,8025,3994,2002,5926,5795,116,7682,6740,4936,3893,1223,2072,5870,3888,1634,4234,780,6914,3536,6151,3594,2204,9163,6048,296,4520,5973,2104
7866,703,7112,2909,5565,1996,95,8336,7580,8649,470,4467,2952,4858,1645,7368,6872,963,7987,8214,3444,4475,7870,894,5571,387,9374,9443,6960,4093,4469,7554,1016,9725,1082,6940,6929,1208,5804,5441
3262,9182,4110,2920,112,2815,1710,7180,5848,6349,1962,4716,8709,1618,9803,1983,3476,4899,5318,9433,6608,3481,8220,7231,5530,6499,106,9792,9496,1501,1515,7836,3731,9038,8479,3613,2500,6954,1987,2169
4567,7930,7529,4508,564,2204,164,4166,6566,4862,6726,3345,439,125,5796,7523,4791,5919,7883,3713,4912,6972,2443,5493,4407,4710,4271,6846,954,5660,5302,550,626,4261,3963,9445,2654,2367,9958,4929
9555,2427,7496,9196,1175,7898,2552,3791,4855,3788,1909,4959,2458,5845,9662,8803,1560,4731,7452,9439,6307,2331,9817,7196,1705,2356,2701,3427,45,8602,9236,2849,4250,2174,7218,436,4426,1795,988,428
374,1557,5235,2363,4287,9467,3880,2174,3516,5977,9763,4394,6806,164,9246,7328,9775,2489,165,3682,8606,7767,4599,8283,7919,6128,4050,3153,1084,4096,3195,7381,5403,8546,1457,854,6469,5328,7419,6568
33,8333,7762,216,9688,2812,2795,4479,5808,5015,1385,2029,1631,2731,3399,3717,4055,680,3795,4277,7855,4400,9997,5725,7711,187,8535,7963,5085,1459,8092,6233,7365,4547,9438,2766,1502,5209,1690,2665
1454,4959,1304,3447,9086,9279,7964,8667,4499,7519,7049,4942,9258,7702,6144,5104,125,5892,2629,4166,3762,5583,5177,7743,4752,8008,3389,2176,3296,3453,1383,5177,4452,8514,5671,470,9967,9762,240,7087
7753,1156,7546,4370,1138,6602,3393,4644,6891,4331,180,4149,8081,8642,3679,6472,9957,7851,6284,5703,8,3828,3562,5674,3361,3669,2646,4693,1995,7412,8697,4173,3335,8014,4751,4278,3208,5130,2745,6602
4377,762,7129,5262,6444,3830,7940,3572,1791,8769,2216,1055,5214,3694,7538,4064,6402,5437,1708,6173,3367,6551,1818,14,3318,6279,3822,2083,1061,9994,8393,9224,7663,9093,8174,6142,9595,1554,9849,249
6618,3630,9159,8940,9891,6660,763,6402,982,3497,1434,9515,4969,6110,44,6,3549,6329,6715,9910,8316,4402,9181,1142,5817,5597,6998,7552,7692,4350,3259,6996,4586,4231,8686,6167,4487,174,8958,7279
4060,2597,6635,8868,8681,2412,744,7712,2209,2721,7841,1078,3185,6751,220,4057,9414,3598,200,6844,9031,2972,506,5239,9450,7913,8333,3812,1179,4456,2852,3803,3552,7829,9617,9477,7714,2184,5133,4353
2245,2175,5760,5351,1986,5724,4861,6595,6584,7454,7357,5933,5096,5762,5051,3098,1455,257,4201,2668,347,5929,913,9429,4110,2493,4508,4201,7879,7133,2043,5210,4427,5477,6926,9939,78,7553,9427,6302
7209,2659,4197,5809,2435,9197,2514,1158,926,1099,7034,8047,9090,3261,604,2075,4552,1087,5724,1760,1839,578,6673,1249,5780,3425,1139,2938,5564,1776,9273,303,957,7259,7569,2542,7277,6714,4388,6637
9527,4618,9474,9057,1027,6061,7757,1582,4509,504,6902,3274,5441,5265,5922,1907,7235,5433,1824,3786,3938,8100,4743,1222,8150,8174,303,1382,305,4593,3944,4354,5410,4575,1340,5950,5372,5759,4851,5056
9085,6488,5154,325,7595,4277,6037,3203,9301,7526,3291,850,7520,4006,9383,5160,344,2972,3658,8136,9932,4976,9927,1831,7382,9691,29,9151,1964,4394,3479,7105,530,4510,3006,9687,3596,7599,3500,2960
6695,3921,5345,2379,2853,7314,3908,31,4188,4612,9225,6313,1647,7952,3439,595,289,2006,2502,4794,2749,4417,9740,8564,1368,6952,286,5325,7486,9123,1354,5001,5930,2809,1653,1554,6568,8438,7410,5800
6518,4099,9256,1402,8313,1346,8302,523,784,7286,6335,2676,3141,3732,1029,8532,8706,8894,2892,4509,1345,8092,912,2302,9829,102,7771,6286,4813,8344,122,4789,4291,7939,6677,1626,6345,7705,149,7374
2315,6174,3294,1025,8671,9249,2170,4820,6930,3343,7471,4501,7476,8053,1935,4089,8299,6588,2942,9049,9954,9846,5384,2449,80,2914,1279,3184,8032,738,5481,2586,8719,9936,2524,2311,5574,1546,428,6617
3756,7696,293,8201,9206,9029,8109,7,8700,2802,873,2933,5376,4207,361,4938,4261,5003,327,7223,7489,3970,9286,7735,7585,1029,245,2985,5466,2018,23,1702,5738,7378,3581,8969,6771,7115,8004,9883
7282,6840,7498,927,8162,3011,8330,8601,8545,5637,3697,6508,7191,6721,7458,6510,1000,9364,7308,4243,6258,2569,8270,368,6520,9854,3140,3768,808,74,3381,7762,1845,9805,9382,3541,5500,6749,5202,1350
9973,2315,3306,1829,2278,2106,6189,3606,187,1479,1326,6448,502,5995,9771,4759,8674,7190,7816,9257,3749,6003,1831,6578,9998,9931,7752,4181,8501,2550,1338,3050,4415,2929,7641,5301,6788,43,7224,3684
8632,1584,7454,7384,7970,1298,4676,4918,6809,2261,1384,3166,2040,1988,4229,8910,1802,2742,5528,9233,6739,400,7132,3337,207,217,2500,592,9532,9955,1883,9029,2012,9620,8453,8433,9596,2358,7825,4829
3054,2047,9642,9273,1765,6269,3753,2565,3338,2787,8116,7928,711,8342,5834,3506,1451,4162,4242,5861,6720,8234,2914,7113,2005,391,4747,7092,3242,7236,2200,9064,1979,8548,2617,9846,9873,1458,8513,5224
7290,8752,7693,1513,9988,8958,5290,1489,98,7521,1224,9279,1254,7001,5674,6979,3603,4140,4956,7868,4464,1952,3341,6956,2737,7239,8300,9530,6519,2088,1034,3971,5551,6160,2979,3704,5451,5224,8328,1943
3344,1140,7312,4228,6535,6274,470,4306,3706,5689,4949,8141,9219,7866,8435,7483,5287,7567,8608,2444,6818,3608,3609,6770,9050,8008,3999,6640,4859,8319,2383,6657,9348,6752,6397,208,8013,3291,1194,9706
251,8128,9347,4533,2152,9615,2717,901,2162,9717,7798,7120,2921,7511,3475,7026,3059,5885,5117,1065,5529,7458,304,8166,3837,7738,5431,1853,65,894,4686,8411,686,9117,9357,3700,8199,368,112,6769
2348,1701,4818,7131,1236,5744,2712,5830,6489,280,1648,7928,8526,737,6870,9106,7950,5409,200,8627,667,5844,8671,6472,6295,5722,3532,8108,5121,4159,871,7740,423,8914,3262,2971,1054,521,4606,4858
7790,239,4379,8800,4865,4688,4977,1326,7666,7895,2504,9011,4962,745,8148,1259,408,6897,2119,8421,6239,7688,1940,4123,7450,3675,4165,9878,7844,1503,2922,6312,6563,1182,5385,157,2483,903,8846,6567
