5495,771,8135,4048,1163,7243,241,7538,891,4246,1685,7737,7345,6452,9957,6736,5158,536,4984,7303,1366,401,8571,6428,5636,9759,432,3872,297,5352,8524,2176,3743,9604,6624,3699,2342,9495,1815,8341
409,3517,6668,5053,6610,843,2289,8782,6522,9264,2312,3792,9546,8179,3201,5396,7032,2953,1955,8756,6557,3787,3909,8269,3463,1162,5366,4216,3157,788,311,3458,5226,877,3678,1428,631,7274,8078,4453
2972,8730,883,8755,5766,2946,568,6954,6672,7613,3680,5920,1883,3289,2154,882,7186,619,1143,9700,1889,2687,577,5525,3196,6540,6727,1542,6575,8601,5357,3337,3107,2180,7699,6615,582,324,1647,2356
6554,7897,3540,7650,3092,8374,1003,2110,1212,7644,5304,618,7689,9847,6191,3352,8267,5327,2571,2740,6537,3002,5932,1294,6661,6389,9803,1263,5980,2202,2927,3767,9289,9009,2245,9155,4916,2133,1158,2612
8374,6879,1427,5841,9565,934,4723,5257,5251,5785,9136,3564,1510,3921,1503,6545,252,6822,5297,7752,9515,3698,6568,3152,4125,8975,2318,9531,974,1621,5638,2078,2849,1896,3302,2841,499,5023,5639,560
6705,3865,3574,6905,4847,1406,8276,8712,599,1928,5221,2235,5612,2718,9682,2946,5011,6988,8288,5116,3297,8286,9952,9865,6995,2877,3208,3732,2055,2075,2357,4603,4675,3898,9822,5457,170,2559,4862,2892
307,7212,2979,7602,5790,2319,8728,3719,6895,4605,4874,9309,3521,3256,1130,6485,9580,671,7676,6870,3587,1046,9396,1456,8083,2958,4793,624,3830,735,8608,8607,5519,7538,6446,9039,9316,7269,9309,6704
6571,6080,9303,1494,8497,5893,3904,3168,1192,3177,2511,5881,3864,4369,8704,4538,9953,9863,3706,589,6174,9446,3515,4029,8961,1062,6413,8148,7682,1892,179,9232,4447,768,9157,4955,2147,2560,8118,6178
3819,5569,7718,817,2409,9273,4640,8559,8293,3209,1053,9809,2866,5692,4155,9196,5648,1755,24,9694,4159,9989,1939,5356,7557,4680,7481,9138,6353,2073,8684,1397,826,4947,2784,5254,5542,9357,4664,6361
347,7636,9156,9379,484,3705,9337,8075,5715,9740,8875,5075,2,6489,5128,2738,1297,6834,7863,9718,4954,7633,7248,8756,627,9267,6572,2859,2173,1550,4038,1446,4527,1896,6122,5470,9710,7031,9695,7341
8295,7313,1111,9071,9696,5695,8925,9621,2315,5894,7902,7143,3483,5227,1170,7379,3399,1146,3766,3790,7567,9336,3860,1325,528,9223,3805,4863,6203,3684,804,347,6780,2240,7871,8923,1422,8239,3298,7238
333,7587,8992,5012,3771,192,3177,6411,6548,8526,4553,6739,4578,3997,3994,8354,2986,4682,8906,3629,8410,3635,3843,5269,3761,6074,9718,4205,2353,8003,5035,1920,5296,7234,1916,680,8317,1072,5002,6376
2395,112,7974,8687,1377,2460,1509,4541,6978,7914,1156,6019,6985,8039,252,8682,4375,2246,7871,2237,3953,3174,7873,4773,2562,4669,8827,8308,7937,2674,6327,543,9929,9443,2989,3798,2630,7421,3079,6633
488,6099,4025,831,2172,2537,3335,9707,5117,5208,8315,4617,5524,1979,6015,8574,6955,813,4538,1383,4256,9726,253,8899,157,9010,1780,1373,1322,7905,3636,6427,6001,3934,3037,396,3858,1562,7542,8606
5367,4412,2528,8398,4266,6979,6380,8325,2836,8879,5158,834,6284,50,7078,2083,9206,1507,9746,1778,424,4222,2845,3845,5781,6785,4046,8559,6406,6031,8151,4749,8518,5623,4947,7369,2995,5160,3412,6817
97,9938,9114,1638,483,1121,5908,654,9155,5093,3498,416,891,9375,3965,3664,2929,4786,2329,4305,8837,8853,7692,4482,7763,876,5262,4858,5772,5185,6583,9247,5743,8300,6550,5709,5800,4207,3460,2100
4493,9270,6429,5208,7391,96,1066,6910,7532,2939,4194,3848,9713,7374,3575,2809,8744,983,7751,360,8006,5747,2597,3913,7684,9608,1171,9489,4642,1184,4762,3130,4415,2756,8708,3565,3469,6569,1736,2310
1671,9973,906,9765,2553,6223,3524,9620,2000,892,4096,3577,8882,8489,2135,7766,9430,2965,3403,1662,6415,2404,7812,313,7129,1530,169,195,8900,8228,6748,3085,7882,9844,8950,8524,7895,6869,6806,963
1982,8336,2262,4230,7884,405,5805,2390,575,770,7312,4055,6152,7845,1834,3,8187,6563,6310,8338,3043,4833,2169,4400,196,9360,1787,9648,3979,5398,352,5830,7797,50,2112,7541,6769,8958,1419,9023
5014,2388,3749,1589,5948,1537,3749,1230,5328,6711,3069,4843,9185,61,1261,3567,5439,2679,2477,3382,6681,8036,1920,9607,8411,1398,8097,7999,6560,2558,2600,5287,4998,2805,3876,5167,2716,1061,1711,3719
6837,3930,4251,1425,9032,9169,9373,6936,4284,8930,827,2200,9280,8113,2235,550,4401,4850,5291,7307,1018,6107,1713,5990,8589,1142,7886,3226,738,8941,2296,9138,3434,321,8943,7497,4910,8539,4478,8383
1343,3005,2984,7654,7182,1985,1094,2452,1317,4487,4316,725,3385,696,1234,3717,6705,6142,3521,5374,1439,1816,3175,772,5133,3401,591,3461,6793,6807,622,9022,6167,9707,7240,7248,8642,7849,4172,7885
6939,5635,5984,1410,8992,1732,8845,4209,2196,8135,6922,4530,3302,1432,346,2566,8392,6427,2805,227,4128,7361,883,1581,7541,6903,9477,463,4340,5477,8491,5860,5097,2064,3951,4685,6297,6252,2310,3346
8405,5553,7230,4634,4590,6339,1039,2718,7483,9543,6916,6276,2967,5662,4621,7408,4460,5805,5518,5321,8390,9547,4348,3409,5028,8722,1205,9671,2437,6561,3936,8201,4516,300,1764,5601,8556,300,5194,6883
6274,9503,9604,3853,2849,9900,3406,2935,8873,1633,5038,5701,4206,3423,992,3908,9606,8797,3803,5698,900,2018,3581,748,894,8729,6436,2369,7061,8436,6104,9050,1423,9732,4270,2363,2494,7808,1424,3308
1864,2797,6530,4382,814,36,2536,4199,8956,9783,5689,6881,5585,1827,3679,1541,4418,3444,8312,6243,972,575,1453,7603,6434,3061,7284,4671,393,5486,47,6136,5243,7840,600,677,60,225,6742,9215
4418,6541,212,9170,6934,8215,7978,3812,1055,5826,9444,1807,3646,7737,8120,492,8257,9256,8942,7031,8091,9691,1381,4036,1982,5332,2935,1056,7996,4904,1788,4685,8185,2809,3809,8333,1502,6046,1902,2557
668,3114,6362,7422,6151,7158,6733,3608,6779,7149,4688,4729,5341,312,1111,6863,3769,7008,3715,1476,2922,3797,5629,7018,8615,9629,5089,3077,6938,6791,2614,4096,5534,9012,3540,6533,5461,4442,7224,4663
9501,2767,8525,5929,9591,6052,9824,7365,9385,3608,7304,645,2500,5735,8689,4636,9618,1281,3422,8553,2247,6701,5222,5519,4181,2729,5736,3101,2981,4287,32,5664,8911,8580,6359,7511,3941,7074,4250,3929
5522,9568,9708,445,1383,9976,4474,8268,9639,4525,9323,799,3087,1232,2003,6202,5982,1936,4871,9607,4709,9322,8834,5126,105,6092,890,4780,6644,9989,7951,7326,9056,8084,4018,3915,9403,7201,2090,6813
8840,4537,672,201,6097,6448,4084,6459,7505,8483,4237,2172,8329,2296,3436,2946,8849,4569,5451,7636,8581,6497,325,7725,1456,4894,8104,2498,4557,1598,6365,8588,2532,3958,269,6577,3342,5067,7620,9687
9805,1994,5581,1947,9427,5740,6272,3604,4521,9096,2007,6623,9549,8852,6487,3120,1909,9824,1102,9396,5687,2168,8518,1920,4620,4242,346,3961,4609,1833,6384,7231,5914,6945,6458,7617,5875,2620,1432,7565
2066,4829,2405,4316,1912,2186,4579,2715,361,264,1373,8763,5884,2083,7743,6212,6985,1806,1150,3357,8589,7992,7185,8173,7599,3540,9250,4526,2990,9517,2587,1287,5790,1476,33,1673,2830,3888,102,9252
9807,4821,7439,3751,3524,8195,5853,7646,673,5944,4701,4811,8564,2720,5806,6683,8789,5466,9050,6035,2300,9661,2528,5706,9427,4321,1717,4349,1470,3800,6675,8772,9923,7004,515,1456,1498,625,6966,604
8279,4630,9767,1504,3415,9009,8061,362,2852,1738,778,9680,9840,4253,6569,9100,6858,8955,2132,1936,4845,8758,9443,6488,7375,1997,7852,88,1204,4451,7905,4211,7010,2027,8639,8617,9511,6565,5253,5124
6722,1262,4185,348,3759,7995,9064,6049,7178,8266,2735,9855,4181,3982,8669,5045,6670,7781,5951,8492,9241,2975,9909,9285,1309,2976,501,1895,1702,657,2526,2626,4596,9553,4002,4479,9424,3739,2097,4948
6365,6874,7727,4024,2982,953,8342,6455,2701,1198,1578,1183,8201,7697,6632,5453,6983,5457,7562,8154,1450,3066,2387,5343,3409,6308,4059,6574,3375,2676,8847,6262,7039,3549,8895,4857,8619,8515,5303,653
4466,3321,9278,371,3910,5993,7015,5378,7558,7712,1277,4350,210,2902,9891,584,5435,9898,9025,1256,5813,1351,2109,3107,5545,2266,6204,6014,9640,9267,6533,3984,6495,6900,5525,4386,6580,3815,5987,3693
3328,3470,9571,6131,4312,2316,5225,3084,4008,2901,4583,8188,4923,3758,9717,3788,1140,9949,4479,3775,9125,3052,8700,4595,1214,8325,2870,7695,8672,1440,4674,7791,4084,4819,985,4567,293,9579,6277,6766
1011,5480,8159,6844,3251,3211,2991,5816,4031,9510,2493,3319,7201,3237,6988,8174,3952,9359,1172,8262,6283,3430,2062,2121,913,8013,7453,5733,3556,6753,1065,9887,4057,2210,2088,5930,5712,6744,3563,4872
5338,7634,1904,8008,8975,9754,2362,3884,9573,662,5373,7957,8814,964,8544,2478,3413,4828,8425,6729,2088,1074,5403,8607,9222,7282,8551,4077,3944,6466,7994,6992,1211,5358,9825,366,2820,7051,4440,7245
6526,5027,7977,6471,8275,7888,6767,4856,8797,9040,2352,1365,8338,1591,851,4219,6743,7025,2337,6805,7327,7994,3979,5196,3678,70,4815,3960,2535,8139,7994,6900,4977,5335,5279,9471,1480,8499,9761,9958
6595,6441,971,9487,2183,8673,7034,4464,5342,3353,9765,41,5390,8453,5280,2496,881,8457,7996,2087,3740,1905,1204,8297,7665,628,8927,7045,6171,3015,3044,834,6294,6067,8456,2646,4756,2547,4817,1890
2374,172,9996,1010,7273,4484,815,1790,4900,7225,5346,9853,2629,5233,7772,72,6016,7135,7778,4309,2234,1173,9629,1585,4640,1779,1476,1362,1150,605,9378,1832,2697,3234,9650,6276,6610,5579,663,4406
8698,2247,515,9748,8490,7214,1950,9045,5924,8956,5572,6517,7207,6862,8191,7368,6638,2082,8786,7886,4163,4513,3537,9856,6644,9517,5577,3089,8781,1502,6374,2573,862,5083,4774,2366,45,2475,6362,2245
7216,2319,3470,3312,2873,2618,5917,5092,4884,5895,3705,7156,4448,9616,5066,1803,8938,724,9406,1944,2065,2662,5619,3696,1403,7875,4846,9426,8907,6568,8790,225,3164,8684,3958,9469,3469,339,4089,9519
7916,1357,8000,7563,7216,1896,5734,972,1279,2894,399,127,4465,3913,342,1475,5869,5819,5070,7652,2151,6621,1726,35,3472,2819,5766,8990,48,6083,1555,1918,852,4841,5492,6725,2319,9977,6144,3688
2666,7885,6689,1872,8126,6994,6311,8725,8529,9867,1977,7909,1856,9851,2368,3797,6457,7704,9085,5450,9048,6816,2620,9583,840,5551,7553,5923,4834,7221,7752,3786,5727,960,888,5539,7124,237,6678,2689
3067,5588,4462,3505,6202,6314,3873,5637,3794,6170,9113,3912,4333,3800,1789,3396,2398,3361,152,6214,3141,3077,9878,2037,6703,4458,431,9393,4929,4149,4252,1357,1566,6522,9681,5603,4748,3277,8401,7969
2073,2062,7148,2460,4666,1061,4160,2614,7585,1618,7221,1158,2280,3094,4342,9676,1178,1902,5933,6109,1345,5994,5843,924,7945,7424,7393,6929,3004,8989,2172,7209,7837,8562,1873,9954,19,5534,7687,362
5351,1224,8015,735,4604,4661,7483,7445,5445,6036,1266,8648,6208,1797,5019,1577,8364,9282,3998,3509,3604,3989,7074,9641,7497,1419,319,7669,8355,6050,5318,7225,9437,1626,3037,2343,2877,1799,4561,2897
9110,6667,8196,2435,4478,9017,715,2134,6550,9684,5202,8468,36,7696,7619,744,2122,6538,7600,4104,5647,1974,5781,3227,8373,9915,9782,5970,5296,7305,7687,2706,6785,3249,7316,918,6088,8589,58,8898
6839,9933,5110,5758,1523,5510,3508,484,3622,7240,9666,3451,2342,2498,8400,5665,4026,5219,3985,3591,2131,3534,577,389,1805,2853,4327,2853,2156,8346,9882,9289,1669,5385,5221,570,3102,9505,5234,9983
1920,4889,80,700,937,6829,5909,1369,4435,5786,6014,2283,2270,339,7971,431,8734,9552,5806,8793,24,3641,9716,3880,5694,3998,2745,5697,1677,9340,5561,6786,1209,2611,7750,1045,7014,3119,1542,7956
7041,4660,6443,7576,6814,3161,6906,1766,5368,5830,4542,2892,6457,8524,1603,3139,7234,6868,2282,8678,6364,4826,5203,6421,5132,3097,4895,3755,410,8238,3339,5195,2680,5323,8745,6241,6134,3058,6171,3814
8819,1691,4875,8430,4915,7527,6544,4689,757,6835,2454,7287,4900,7819,6757,3597,3582,6518,4974,8733,9806,8437,4363,3557,1947,7425,7556,7289,9980,6623,6656,5652,147,1921,3295,4971,5518,2586,7562,7097
4835,8541,4814,3406,5314,9173,1303,6824,4222,49,8456,2582,3006,175,2253,937,981,9710,7142,2543,8502,8073,4314,4364,626,7656,424,2871,5666,3840,1022,6126,6802,2780,8133,6232,6256,4835,8348,3286
8186,8410,5046,6531,2082,8462,7733,2149,291,6602,2330,1148,8503,8225,9718,5496,960,161,5491,5560,5543,8868,9873,1682,3866,979,4750,7671,159,1650,4266,3735,7002,268,4805,913,9471,4293,3640,3814
9658,2231,6735,5767,3708,3805,7617,9149,5397,5195,4005,9160,2395,7986,790,2906,5530,7482,7551,563,1948,0,2576,3486,9769,8711,5183,6575,8499,4466,1748,6220,141,4504,381,6133,5708,394,5218,3813
4415,9111,2069,3249,7173,2353,6811,978,4040,4957,696,4750,750,9636,4982,3576,270,8019,6871,8553,5480,837,164,5413,1042,3835,3141,5418,8614,291,3221,4273,7495,4659,6668,5120,1156,9351,897,3091
9760,7002,8784,5633,3632,2223,9663,1303,6888,6978,2679,2419,335,550,1564,8630,3734,8758,9400,1878,980,4570,8950,5935,2537,2718,9401,6617,2417,7957,4695,1811,2659,6345,457,7036,2678,6771,1667,9380
3877,5864,4541,483,8143,4976,9152,9347,5713,7692,1783,503,4828,3381,6995,7074,7483,5463,634,3295,2296,8193,4541,1241,7486,5329,7971,5878,6491,7724,134,5175,8527,1494,1982,7563,4918,1129,3397,86
234,8415,7591,275,6322,2869,9673,8192,3612,430,690,4750,9780,2745,3040,5214,8186,848,7954,4403,2047,8741,5825,279,5506,1050,8776,4785,9762,2165,8055,8631,6542,6633,5107,8262,6678,2744,8261,5239
4054,1907,196,9508,2466,6952,2613,6952,2381,6438,4653,5806,4250,1517,312,8978,4274,1978,1357,8182,3774,8982,138,1105,8682,9906,4960,8593,9394,9667,7195,5340,4255,6158,9097,8588,3968,4302,9105,4803
8853,3922,6036,1354,6677,4659,1183,6708,164,5874,2131,4691,5307,6987,4936,2222,7170,8974,4000,901,6658,7911,5686,1248,280,7210,8434,7126,6557,2442,2221,8841,3546,418,5289,3026,7868,2180,3198,413
502,4917,4871,9086,7277,6109,9239,2114,3053,4182,2184,9989,5428,9666,9937,2484,3522,5316,7429,4555,5807,4897,9851,7196,9434,6828,5842,1525,8071,5136,5691,2608,4792,5027,9894,7746,1520,8051,4434,4380
7634,3521,3186,8330,508,9884,5891,9693,2494,631,7900,1662,7595,6284,5389,5845,2042,3231,7759,391,7065,5861,2760,4504,5014,4189,3535,4106,4642,746,6814,1852,4037,1238,1776,9228,8319,9379,6694,4677
127,433,6299,8633,6920,7953,781,9097,8415,5907,5625,1890,4011,5598,4355,4402,1320,9409,5311,6512,1686,4917,3766,7173,2568,8122,8116,2606,3616,6602,4492,8544,6703,7979,3988,3698,9514,7894,6573,6811
5071,4789,745,7098,9986,2407,4431,2293,3596,8891,2959,9996,1871,9425,7151,3527,2284,4492,6969,749,5989,1933,4061,3535,1108,7314,329,8525,4528,6353,8075,4842,6034,8979,2787,7383,4851,2407,2583,753
7914,5395,5720,1397,9772,9380,8185,5633,915,9722,8815,9104,618,3568,3303,6581,3273,9213,6590,6751,5110,8564,7490,4595,5111,4007,527,3189,2797,1047,3336,6989,2155,5283,1372,9179,9145,9296,418,5992
9540,4959,3245,865,6504,3606,5773,1365,6946,4604,9247,4763,1062,7571,4402,1198,4380,520,3753,4688,1775,4733,4551,4369,6701,3640,6245,4693,6763,888,4679,6392,1929,8950,9631,3823,4463,2811,7567,2722
444,3321,7044,9506,2781,6159,4508,6676,3298,8080,9115,9557,9138,5648,9861,7142,148,1174,5135,7912,9397,8509,380,9137,7492,7253,9514,9412,3428,8009,5301,4744,2411,9904,5109,5087,9902,8713,3837,1114
2650,9475,6030,7000,1623,7012,1099,6951,971,188,8034,3055,7427,1655,5412,3861,966,1371,363,7837,3530,9455,5472,1263,8015,8187,464,7213,151,911,1229,8843,4709,735,9891,8584,5466,7436,5597,5137
4510,1995,8152,7930,8244,6672,231,6015,7014,2283,9166,794,9371,5590,4277,5642,4371,2423,4702,455,8776,6398,7895,6301,9611,4597,5511,2165,5839,4969,3067,9863,2617,5677,6883,5709,2253,2252,1286,5123
7554,2556,12,7831,4524,504,2341,9848,937,3664,7487,546,5831,9574,6417,2019,3404,5573,2868,5866,3408,6482,5344,4855,9220,17,2202,564,3343,2904,6975,7379,5427,26,3794,4438,181,9432,8478,4775
8354,7816,8412,2854,4232,6343,1145,9562,9046,4322,2618,9752,4031,9543,8941,1791,7058,2199,4374,1478,422,361,5447,1654,7623,488,1852,6674,3350,9340,8806,8940,8993,4281,9568,2834,7036,7585,9675,2777
545,3880,6499,8325,2946,9193,8415,4734,8530,1582,2866,6621,6878,9700,3,1073,3767,8768,3407,2579,2453,5308,3870,3054,4608,6351,4721,6682,2517,2374,7137,6322,4149,2837,3522,4582,8216,1950,8239,855
398,5230,921,4723,8140,2354,343,751,8973,5508,499,9278,3305,4798,459,9632,4253,9775,9309,6923,4026,6290,2903,4919,599,1295,8795,7230,5305,5072,2979,6926,9797,8609,3338,1464,9176,6380,6829,5007
2916,9282,6865,3772,4715,1452,2375,7929,2239,4383,8846,9342,6132,626,1603,2285,6437,9926,2189,8056,6779,9725,7174,6729,9171,1549,4695,9567,3338,8196,18,3026,9936,3844,481,9474,167,8112,9907,8915
874,8547,4345,4278,995,8374,5898,1947,1883,6935,5050,3887,2390,926,6933,0,3984,9906,8443,9584,1498,3216,9899,9343,9488,9890,3855,3005,399,9777,9437,3536,8701,4266,1745,1118,151,5689,2063,1740
995,9967,4941,4377,9379,2650,2620,9465,1291,5272,6706,5412,333,5825,3546,8121,3933,967,2293,2239,7288,3016,4776,1574,8432,7943,2776,1013,8291,2430,3307,1115,1591,375,5125,6204,8606,4286,9398,4648
2283,635,9842,7610,3831,2432,1813,6044,2460,1847,3114,3120,3983,8650,2236,7295,2697,142,1031,6183,9413,4872,5342,3286,6367,8044,3473,2520,4634,4307,3679,7318,4716,5264,9539,7948,8279,3277,5889,8492
9496,8373,4082,3172,3618,5188,8091,4980,7819,5061,828,4249,6871,6847,5152,5830,300,7446,2135,1516,6565,6953,397,3271,7854,8096,1244,5786,2137,9563,2979,6424,1770,8636,6252,1678,154,9498,9963,6735
5000,7467,8679,3682,7754,9698,3402,7051,5732,2168,1930,5470,4430,3672,7492,5735,7358,6792,7731,3837,8444,3578,493,7173,6641,4494,4331,6274,5581,4731,4902,5484,977,6341,5331,1333,2701,9168,4477,6819
2171,5585,1615,6550,211,6257,4301,9179,6975,8672,9808,1485,6794,868,4595,7369,4969,5625,4229,4031,7,7513,5610,6085,2802,7878,8014,999,6716,7088,6078,6504,816,3142,2040,8698,8196,3757,3599,9767
3878,2929,5192,3654,6852,427,7962,4969,2728,6848,7459,1773,5407,2487,7519,8829,8508,734,2421,9139,4718,2157,2006,6966,4263,6231,172,8822,4842,5047,1553,1974,6421,2368,1560,438,3177,355,2195,2942
3552,4807,5407,1392,5748,2464,268,1243,4642,1778,3165,3841,6476,2272,5355,9065,5327,5859,6097,1320,1627,1624,210,7499,5176,6849,6680,9852,5928,4184,4003,7222,5424,9616,9746,8820,6477,1478,8408,1891
4050,9336,8911,690,7499,5409,260,5607,1309,9891,5949,3964,7725,3180,9734,4289,69,9629,4929,4571,5407,8641,5230,5093,2421,1984,212,6248,430,7519,1860,3596,9150,7986,8311,8320,1064,4042,7948,2178
5525,1827,6701,9154,1684,6982,2872,4049,7876,9466,7621,1881,2639,2753,7858,2773,8253,8603,4434,1266,9833,1241,6921,2657,2964,8451,5320,7326,5473,6139,206,7028,6465,1702,3728,3069,2011,6715,7869,3855
686,4163,6514,6150,5282,9151,7145,9685,1123,7627,3316,5046,8078,7840,6575,6542,9581,6659,2495,4800,3630,7645,5329,1343,8736,1058,3352,2550,5352,5873,2184,9787,1327,9540,7265,5236,6423,940,1785,9880
1137,1500,329,9361,6239,1221,4366,9777,9189,8096,7045,4088,9086,8515,8284,8976,3086,2538,3385,5218,8464,8808,8742,9530,1936,5759,8298,4147,501,3977,5294,2687,9734,9401,7280,875,975,4744,740,1838
584,2650,3567,3154,8349,6085,5644,8590,8023,7258,8051,3140,5963,7421,8187,7590,1880,4062,910,4971,8094,6946,1541,8557,7046,6132,6542,7955,9299,8741,5948,5546,1105,2944,8479,2282,7696,5246,1207,3786
3073,9204,9426,9247,1075,778,5704,2277,9893,3015,5122,716,2166,140,8430,7990,8465,6231,1255,2196,5576,209,5369,4518,6554,5471,8003,6057,1073,1897,3354,8125,7152,1656,3057,3109,7142,6161,8552,5054
104,8021,2458,4391,8867,5747,3354,9746,9038,807,5139,6215,9309,2734,8731,2432,3962,2310,3721,8188,6853,6042,2105,4819,3624,8445,2927,7036,6742,8134,2838,9323,2612,9262,8665,3807,2243,8153,1539,1199
1430,394,5482,5167,3699,1941,8841,1879,8789,4340,1032,6940,4362,9737,8000,3199,2921,3386,3132,2812,9323,986,5027,4230,6924,6727,4172,2306,2920,3526,3121,7992,1760,917,4484,1576,100,3471,5597,5128
8556,4998,2000,3959,5143,2517,1481,9254,6933,4724,6538,5957,1427,4763,9594,478,6738,9660,604,1950,245,2942,937,4147,9630,2306,7190,3059,3872,5865,7967,4947,4101,6439,5392,7314,5925,1695,5781,3437
9982,629,1415,7184,7347,3458,9045,9838,7881,3463,2248,1248,3214,7233,4334,5034,4791,7787,6862,9598,1452,1423,7087,2811,1824,1289,4550,6589,2679,7666,4457,2128,4778,1590,853,4219,7721,2300,2366,9162
4136,4089,3861,198,4780,9844,2663,7315,3872,8065,9982,7491,8484,8224,8027,1588,3279,1615,2703,6726,7437,1064,9467,8014,7002,2489,8633,1293,661,4355,6907,7008,2256,1794,2136,2683,4977,4190,9130,9046
0,9620,9945,4714,7227,7933,5968,3695,9929,1001,5992,218,3487,2254,4226,7982,1001,4515,1007,9218,4877,1928,430,2277,5647,6359,1433,193,1968,2792,9260,5316,4824,3148,5170,7324,3777,4605,1948,3216
8951,818,9003,1403,4634,6634,4197,9717,8250,8430,7979,7261,8535,1686,7773,3279,715,3270,2074,174,2930,7640,5700,1168,8533,1523,7106,534,5075,4188,4490,9576,7777,6894,6747,1609,7956,7330,313,1895
8355,8089,7917,4737,3817,5083,9776,5489,2163,3300,9813,1443,4767,4702,7037,5226,3578,7895,891,4518,2368,4846,2249,8144,6571,5545,8893,3440,8283,3973,9439,1944,934,2447,5917,612,6727,8261,4418,7386
3093,3693,8023,7556,3835,8072,6584,7796,8150,5777,1008,151,9924,1815,689,3641,565,5193,6915,3653,9599,9444,1735,7892,7920,317,5727,6158,4254,2216,1623,9939,2145,657,5831,6752,1004,3688,1478,8867
3885,3250,5006,6986,5379,9006,9125,1441,8047,415,7573,8153,3676,4497,3839,6622,5391,4629,8988,2720,398,4743,1502,4827,411,1195,8396,5048,2089,7293,8876,5569,466,3557,4400,1634,2844,9360,8290,2686
8062,6398,6159,4214,8683,2326,9758,3567,5931,408,7489,3640,849,1791,1605,9980,3674,8455,9893,4519,8922,2839,858,6156,6898,7548,6485,5485,3405,1972,7315,6723,4400,1777,8090,6634,48,5108,1934,7887
6943,4063,5485,2431,6188,2817,6850,5211,9090,81,7618,3104,8345,2123,1035,869,7004,9405,3790,6668,7494,2425,7857,5973,4458,1625,9846,8649,5514,8747,1128,5679,103,8466,2269,4192,9614,2475,8751,4182
3326,8884,4303,3318,9244,1539,8195,6695,6569,1016,7402,8900,1852,8223,9187,547,3100,8353,750,1524,9718,5321,4480,7293,62,1154,395,131,2121,4560,7330,1853,9314,4857,18,338,9971,4979,6883,7957
9535,9617,6932,5318,7686,3396,9397,3034,4808,9338,6708,2836,8722,411,1496,5527,5636,4965,9829,4717,1455,186,6851,9946,1539,9877,516,2120,1560,9864,4464,9862,3100,5502,7975,6847,3412,9754,5669,7527
7235,2089,8910,7295,2522,8635,7061,9432,3710,7475,2587,5941,2004,1361,7194,6646,7535,2782,9524,909,2371,7900,1915,8889,4507,719,1528,2566,7124,254,9937,6299,6780,6716,1502,920,2660,349,1733,6049
9777,2406,8596,6421,6217,1743,1716,9590,3696,4571,5174,5528,4788,4432,1029,3109,4191,8805,9413,232,2217,3646,6331,3064,1013,7275,9890,4887,4903,4447,6729,5369,8629,3762,6086,9750,2014,9756,3114,1143
9622,8069,3074,9293,6983,6946,2258,3847,811,6650,5456,687,2810,4080,8733,6276,5066,1781,6565,6475,2412,6282,1496,1302,3326,4952,4981,7038,9468,4716,7321,3242,5203,532,1720,9682,5925,3459,8657,7406
9771,6096,6200,7650,1315,5737,935,8448,6699,8883,8401,9396,8298,9388,1590,396,4859,51,2714,9730,9657,2708,1767,695,9699,1504,5826,5052,4950,4438,9738,8672,2728,8358,1608,4962,19,884,1256,4900
9918,4868,3502,7392,3773,7871,4573,6457,1977,8414,6192,8014,6748,5052,7781,9703,7509,1042,5012,9111,8203,253,4390,4793,3694,6272,2332,6875,3326,4745,9147,7445,314,8637,8469,6167,6786,9069,2744,9180
4075,3495,8862,4950,5033,7324,2155,4776,5157,2382,4170,7680,8448,5029,5839,7982,1122,5216,8567,3658,5402,8002,7243,11,9416,5460,5399,8941,3337,1301,9227,742,8723,5295,9608,7732,1061,3905,142,4556
6017,9527,7915,3314,3474,7302,9376,8599,4048,2697,5183,3583,8649,2449,795,6070,2187,8036,4944,7709,9477,8753,7015,6045,7646,8825,2872,1055,6571,7637,9068,966,8364,1996,7445,7640,2933,4071,9379,4050
6256,1638,1603,7320,9830,8086,1749,2083,4052,7663,5391,6683,6095,6422,1506,9298,759,6854,145,6590,7168,5842,9325,1829,7830,3773,9539,2727,4130,8492,8,8859,4382,4640,7345,2205,63,3258,3841,7373
1801,7322,4063,1582,848,8275,9175,7866,1452,6770,2293,1979,7654,4612,7720,8384,3025,3011,9834,4786,1259,322,8079,8727,6006,9136,95,1844,8274,8092,1195,7766,7769,9958,100,1605,2965,2314,5945,3449
5654,1098,1925,9275,4971,4753,6036,7588,4886,8580,4200,8035,5534,1077,1526,1774,2572,9945,7039,8459,10000,486,2171,2420,721,2015,8709,708,4581,5394,8938,2078,908,2514,7993,4171,292,361,8659,1741
3485,689,434,2256,7179,8629,5311,2578,1253,8985,7110,3925,3996,265,9393,7977,5470,3017,9717,7624,1276,186,988,5024,4615,9565,9609,2473,6669,3286,5873,9093,3053,6480,1222,507,8595,6381,7831,1451
5098,6837,7988,8549,8811,6257,4515,4836,6192,1934,3960,513,8502,5427,4653,2393,9096,9006,9626,3605,783,7389,3122,5278,7180,7923,5491,9164,6663,4941,9415,7328,6328,398,1779,6519,5422,6056,5363,4229
3944,9460,7088,5326,8170,1463,8354,5734,3531,6018,6589,7520,8294,3739,4668,5293,5961,3443,8974,1076,9626,5638,9893,5828,3122,746,5984,7199,5772,8198,542,3109,1473,7529,1179,3189,6405,9595,8218,8524
263,3017,220,4546,3888,6075,5911,800,7885,9941,9883,9369,9601,4764,8768,5309,7611,1469,9899,8607,4877,6107,9713,1086,1761,1178,9822,303,2515,3324,2664,3847,3423,3846,2843,5995,5940,1992,9491,3790
9033,6512,6456,1292,1943,9119,4529,8203,8868,717,1978,2205,2975,985,7166,6264,1645,8966,1716,8942,9171,4708,1842,4443,3238,7846,1434,7236,687,7433,4434,1087,2804,4300,3110,5138,8654,1773,5215,1369
2478,3918,4916,3258,4806,5117,3117,5851,7291,3353,9607,7686,227,1670,2444,3604,8889,4466,6892,3737,4253,9680,1088,482,2316,5720,5647,4826,3229,8395,7623,5900,9348,7789,5138,2231,8017,7447,2842,1432
8845,6543,101,2153,2622,547,9727,8353,6960,1317,7919,871,6545,537,1524,8134,8948,8796,8533,3795,1751,639,7775,156,2364,8117,5156,3498,8719,7360,1946,3333,139,7791,5748,4155,6758,2259,8333,988
2086,8035,3799,3493,7068,988,8765,3928,7997,9786,8010,2506,4481,1770,9262,3466,7949,4819,5179,7167,4567,8932,6584,9605,6523,3147,1690,9320,1032,569,8433,1207,1558,8018,8912,4877,1631,2402,5326,4956
3921,4372,4637,2161,1483,1441,1622,3256,5176,2338,5142,9670,7211,7468,2422,9033,9570,8988,9334,1869,4042,579,502,2742,6527,91,685,7536,3415,1320,1424,1933,5023,5075,4286,9931,8438,2793,6291,497
8560,4384,5813,4434,3555,8870,7755,122,2974,2236,5722,1777,3468,8645,5901,7929,2069,5489,9207,4989,4086,9522,9485,3378,3290,8796,2024,4142,2409,3724,3840,8323,9232,353,6763,4703,2744,874,3196,9057
1753,3029,9952,1271,6729,6470,4875,2413,4362,7890,7193,1065,4087,6471,5167,1,4066,8257,7083,2749,8213,840,8761,8618,4286,7243,4491,693,7627,186,8959,9443,1687,4303,779,1502,2588,3828,2189,8469
5236,1757,2950,5787,8834,6334,4187,8798,3253,8713,2754,9765,4322,2976,4316,3040,687,5703,3368,6189,4140,6564,7233,6400,2124,3933,5979,3138,3696,6982,3619,6707,8435,5244,946,3139,4119,8933,5350,9679
9370,131,7063,3878,6728,1157,5394,4185,1053,4974,7014,7018,4921,4481,9781,7132,3509,306,2601,2618,3869,6593,2867,76,5382,3107,344,3212,2616,975,60,4564,3213,275,3958,3710,4015,9711,7816,8981
7069,218,80,445,8954,3228,7021,60,3925,6648,3455,8429,7737,2641,2796,1738,5122,9753,1437,8827,6637,641,2307,7715,9312,353,9731,8714,9590,9213,2629,630,5822,8192,3805,5320,9722,4976,7762,6781
2530,4486,2006,6245,7989,4327,2604,3128,5970,7036,5347,5971,9372,4491,6508,6824,1484,3837,9351,4526,5082,7929,4065,6544,5434,4738,7074,4463,5716,9244,8492,624,1,7265,894,710,4273,5890,9691,4831
913,8068,2527,4018,4767,6268,1387,1886,5001,6221,2398,8373,822,3612,8814,4454,3012,769,5501,1877,8031,176,3019,4595,2542,3950,3861,9023,6929,2641,6569,479,2537,1142,9347,9674,8151,4247,5734,7394
6833,9661,6412,4939,4530,3111,3531,8905,5420,5614,5822,5917,4130,7179,8004,7891,2310,1633,2841,4239,8914,5812,3652,1531,1005,5516,3152,1383,7876,6979,9248,7864,6228,2573,4058,6451,5031,6762,6925,8929
5865,4286,1827,7773,4635,143,2063,6588,1381,8334,6593,6709,4175,2484,6275,5387,1164,5212,4670,5183,2164,2542,8426,9893,8410,7944,3921,3552,2351,9056,3734,4085,3264,7893,9680,3709,1789,4283,4890,3746
6627,5700,3158,1116,4853,5101,6202,7587,7083,611,2821,6675,3982,9786,6718,6874,1245,7181,6612,4595,2085,8121,8785,7734,7259,1331,5491,4787,3918,9920,1436,8548,6182,8347,3604,1532,4538,4273,7070,4954
3370,536,6039,7273,1051,5069,2423,9425,889,5666,9285,653,3088,7775,6003,4396,4151,8745,1100,1195,7811,9943,2046,9736,3054,5188,8865,9919,4812,2089,4879,6771,476,3917,369,9705,1053,7926,6285,5805
8750,2711,2644,2149,6043,5110,8787,9447,6721,4628,9950,7745,3551,5157,9949,1838,9359,8433,1553,6762,1149,4102,7029,6945,3213,9992,1532,1310,8908,4584,1607,3045,5620,639,3303,7178,2836,3102,2278,5380
412,4339,8607,6246,8545,5024,4455,1745,3015,2565,5569,4768,9885,642,3279,2043,7184,9652,4939,8747,670,6214,3584,9049,6302,3704,3382,6709,8907,427,9727,3250,617,5231,8560,6169,1071,4561,767,7548
9286,5224,6333,5304,1750,9987,9996,8388,8215,5461,6276,2420,5308,2978,897,973,1744,353,6699,5260,1892,1386,3556,7062,8915,7400,7872,3671,397,6434,7148,7588,4270,4501,5705,2104,930,6346,1127,2617
4456,4871,4212,7247,3543,6692,34,8337,3925,4052,5904,9688,8520,112,7926,1330,7159,5866,8439,3607,4921,7307,6806,964,6646,5023,5643,8926,7434,616,3582,4703,963,2967,2752,6000,8674,9548,6317,4083
2438,2763,9900,6766,9431,256,2526,6788,6922,6485,8966,377,6365,8317,6968,3539,3155,2845,3847,8831,5898,2035,7858,7447,2682,5131,3283,8062,1166,6060,4300,6271,3489,4183,9101,630,3355,8761,794,4505
2685,7626,5057,3249,3157,3259,343,9721,2115,8550,9043,4813,370,5858,2800,1766,4695,2271,5033,8928,2653,1802,8516,5495,3763,3820,5215,6431,2714,6125,8686,7029,758,906,7832,724,6325,1502,2788,1388
3098,4779,283,8250,3865,4247,1541,2814,750,3872,184,1046,5496,8529,178,6923,8301,3719,307,1639,5489,8823,3083,1877,8866,7723,3485,6354,9799,8659,6286,5241,1253,7387,165,8142,105,3830,7962,6859
9893,7009,2536,9523,8702,1931,8082,7210,877,6261,9762,3262,5694,5947,8899,9317,2232,7613,7713,7710,741,9476,1116,2979,4672,8999,7676,4747,2889,6271,6053,9195,8970,1183,6609,9059,3069,9050,6206,3637
9342,8537,3337,4649,7230,9693,3579,3006,9862,346,5939,7473,6430,4173,9432,2827,1054,824,7227,8954,9075,1882,4050,2693,7801,3107,9196,2671,4485,418,3959,2531,4285,1910,4097,7562,1293,261,1847,5108
9866,1728,7825,465,3903,4576,1657,4118,4711,9027,707,9262,2238,7494,9655,3838,9048,3491,2668,9767,9479,655,3678,6400,1787,1866,7260,9350,6838,8037,1954,729,350,7537,4589,2039,4306,8171,464,3785
8938,955,9141,5745,440,4408,3322,7167,9658,1676,1418,5803,7430,9558,2135,5114,1139,9994,5017,7514,9166,2035,5349,8788,8147,3590,637,4261,1198,6081,3810,8850,6984,6630,9627,5029,3599,2372,7643,5926
3455,9392,3118,5124,6038,6912,8268,1260,2778,3011,8299,4655,9719,7910,2568,6180,3117,1705,3577,6589,8601,958,4050,3264,8164,8090,8690,3555,343,8814,3520,4530,7471,6662,2687,4599,3909,2065,3027,8347
9745,6367,1762,7103,5435,3262,6951,4953,644,6833,8786,9250,9203,7531,4487,4876,3630,3194,4137,8811,3055,7409,553,3166,4858,3669,1211,4405,6053,7501,4644,9678,9011,8062,348,6470,7815,9753,1960,6905
1192,6708,9991,3965,1800,642,7301,882,1158,8496,84,2096,9252,4779,6983,3277,995,6065,5324,1317,6022,9254,86,5417,6552,7991,5528,2224,4481,3334,4065,3393,9312,5783,5259,4721,4255,2732,2449,8540
6132,6879,7796,3700,2594,6258,7634,6979,6290,8737,4821,4354,5535,8142,4597,475,2730,957,2775,571,9161,9295,8520,9014,1825,162,3654,4765,1064,7258,4641,292,3328,7977,6178,6794,7626,317,8994,5054
3604,510,5676,7682,5764,6001,3292,8653,5764,5872,4756,2213,1072,7035,7559,997,7815,6682,565,2948,5368,6467,8831,5844,5684,7533,6527,5756,6788,4309,1992,9946,5844,5538,3839,424,3962,9936,3519,7055
8369,3467,5808,6255,8789,9996,2479,9892,3554,2145,1206,5079,1860,1263,8656,9416,8826,3761,3459,4355,5856,6095,5464,5203,9747,5843,4255,7793,6823,260,2150,2876,193,5988,9104,5820,3336,5085,7874,8582
5583,2040,3142,2415,9132,7699,4903,295,9851,5852,8161,4502,9049,5385,5484,3938,8916,6443,4107,7783,4188,349,1360,1900,5509,1032,637,7584,7220,2142,7883,4546,5090,3873,1589,9730,330,1921,3654,5006
8112,5980,5058,4601,9813,8460,6095,59,3840,4425,7034,6457,4113,2219,7376,7334,574,7564,5536,420,2505,7657,8524,9817,1939,9342,1246,887,2767,8376,9996,2456,8643,6923,5482,5890,631,3349,4734,8632
2717,2509,8121,2525,6216,8093,3857,3082,8961,97,1677,9580,2259,6359,2836,9578,8748,2894,6912,9118,5166,5662,1876,3939,2926,1307,213,8087,8585,637,7329,3804,3213,4809,3281,9713,2620,8998,397,1985
9868,3081,2086,7909,405,3139,3505,3896,1097,8884,2351,3855,5496,5287,2116,1525,9436,7348,6768,2185,9106,3204,4555,8604,2122,898,5631,5570,4441,1805,4571,3858,7800,8049,9857,5860,6561,3704,3944,8184
1662,9222,2658,6836,4295,5510,2681,808,1832,1633,9667,8930,3862,3092,6612,7332,6951,717,3570,968,4841,8092,9169,2049,7053,2304,7301,2334,639,2624,6573,8300,1135,1028,8035,1186,4741,3618,645,7624
3532,9802,9506,4097,7917,967,8925,7593,5566,916,3568,7335,3365,9831,4472,5181,1589,9908,2043,3503,3768,7151,8078,3765,3580,5822,627,709,5296,3921,8310,7558,9973,9413,9966,3384,4068,9617,1705,7518
6292,9560,9439,1142,2269,2547,1780,2654,3909,2675,2122,2166,4563,1132,6728,2788,9386,3965,4471,5238,7989,2683,319,1907,3684,532,485,6215,8120,2194,4928,9292,5563,5612,6201,2946,4203,926,6769,3678
1543,57,7506,5851,3744,1515,9678,4941,2512,4032,5448,1046,2247,5529,7946,1670,3039,5127,7618,2530,9506,2050,889,1040,8905,7241,4903,2566,2240,8302,3801,7445,114,4603,3334,2609,6462,9184,7389,1092
790,8907,2900,9381,2849,2264,7523,5875,1549,1122,3431,4418,4978,1031,6652,2240,7293,7514,5022,3540,5230,985,6119,5091,9279,845,5241,6796,9645,1744,4147,1948,7022,870,1817,9127,3978,6256,5898,7575
1410,2212,9832,930,9703,3327,8835,8637,944,9251,1732,7026,7739,8264,8969,7079,8959,5755,3820,7537,761,1400,9147,5145,306,8834,7021,3354,895,6925,3797,8145,7187,3389,7718,8806,2378,9775,2587,1587
6193,3943,1165,64,8648,5268,1321,5770,4283,1920,556,3184,1832,2177,7457,8831,9591,4276,7398,8025,7030,4780,5014,1953,2780,1267,9866,1185,7651,3674,2039,4168,7002,6475,7222,517,8826,6665,3276,269
9080,7706,8993,1699,4839,7391,6981,2133,7740,4526,4541,5398,1927,5161,8768,9514,4945,9288,3094,9085,290,1057,2738,2179,7939,2732,1291,7344,7497,4568,1048,4274,4848,510,8825,8045,4512,7176,3918,4326
4088,5070,9813,9099,1784,2796,1631,4109,6837,9471,7578,1789,1442,5436,3569,6894,1019,2658,7099,5129,6239,2928,4120,2252,7138,9802,8546,2931,6090,9450,3220,4652,3416,1701,2690,2754,1591,2533,5324,7078
8694,9075,6404,5258,9316,6079,4717,1259,6053,4386,7048,2197,9031,671,6113,1845,8753,1710,2382,6455,5132,1618,238,5673,2018,1574,484,3139,7876,4324,6455,1572,9865,6903,3636,1647,3373,444,5799,5587
2456,6420,8024,2809,338,7349,4350,358,1296,5365,8855,9807,4915,8234,5329,4603,5821,9511,4467,7015,2334,4379,1472,5131,3852,5595,3665,975,8822,5238,3929,3852,8848,4939,1078,4598,2257,4808,9335,1639
6644,6776,2346,877,109,9686,3523,1626,4763,8928,9023,1819,8913,7036,3988,7545,6192,903,1060,1044,4636,4942,3427,2228,887,2280,7430,1223,3218,1774,3592,8081,3333,3421,9769,5651,2828,7598,2353,25
9105,6223,7270,4566,3373,4881,1603,7362,6515,7746,7702,9620,4879,2730,6534,4331,651,6467,6953,9809,3616,5381,8283,5100,8601,5810,4839,8113,7550,5265,6711,9478,7262,5011,3312,4969,4185,7656,5174,2466
987,3620,1493,2448,5385,6773,319,2177,5958,4185,6574,2822,4238,4459,5708,7971,3415,7763,1375,1004,9541,1307,438,9031,7888,1979,8525,914,2950,788,803,9006,7658,8633,7368,1879,4432,6337,6432,8336
5592,5761,2630,2711,2185,8288,6138,8366,556,5925,1807,2043,201,3627,4186,1792,6554,5502,5117,4466,3639,9339,4256,9937,1163,4198,9180,2249,4242,2322,7267,2126,2922,7131,7961,4851,6345,2416,6739,257
8627,916,8171,1459,6753,9342,2424,1132,196,2782,9001,4622,1904,2000,6901,6504,2192,8345,4290,3834,5883,297,4111,5716,3390,499,610,1962,7178,4159,8796,3473,9157,847,4943,9688,5964,9402,7440,3833
421,6165,3299,4280,4893,1276,4110,7219,5545,4242,4839,161,7994,4998,9140,3264,7005,4435,1311,5595,2975,344,9610,7504,8795,9076,8770,7692,3531,7007,8360,9568,9953,8036,6370,2077,628,8615,4642,2464
4486,4512,1399,7904,3626,2051,8378,8454,514,5631,3431,3706,3176,4191,3186,9630,8034,4729,5735,2007,1062,5564,2169,4672,1201,4216,9680,6484,449,1445,1863,8605,3828,9491,8417,8003,9518,3751,4590,879
6946,9755,6969,7941,7388,643,266,4531,3490,4832,6204,1516,7094,4853,7873,3313,4330,8192,309,118,2045,1359,6020,4767,7392,8545,4693,2416,7007,6459,9220,3823,7960,9456,3858,718,8374,8569,1875,5609
2918,9147,1483,2193,9234,5349,3245,3855,4753,9929,577,8709,7442,9910,7888,7458,4722,4387,5974,7585,8154,1324,6400,1784,4603,4700,2725,148,6406,1431,3072,3864,9003,9055,557,3247,5100,2226,7065,98
9694,2445,7950,9055,5651,8084,3943,8302,550,1239,5687,9414,8497,4929,1774,6704,3241,6866,6996,764,232,828,5618,6822,1074,2100,6151,5545,4710,7672,2409,8722,203,9817,3069,4802,8658,7570,8468,2111
4586,1110,6651,4516,6202,9911,79,6782,7959,4841,29,9050,5690,318,6224,3048,4924,109,5493,1778,3625,6028,6798,563,5476,58,4015,2729,6687,5384,4033,7551,8080,1843,2970,6409,3299,9809,6793,4359
5256,7612,1269,7827,2820,2091,1231,1952,6200,6390,7868,403,7431,5671,4847,1300,9269,1872,5854,7529,6557,5352,5570,2777,7400,3074,9987,8741,3820,1227,2627,7507,769,653,5764,1145,7514,3858,8925,2421
9492,5811,1574,453,8150,4825,852,4885,5923,8883,1229,880,5751,4643,2025,4479,4644,4692,7542,2573,2236,9125,157,4515,4876,4694,4655,2257,3594,8425,6038,7155,7346,8717,1014,113,9769,5996,4460,7776
7906,4433,581,5514,966,3301,9187,9959,3842,6275,6064,6746,1012,240,3854,3971,6605,1516,8353,4992,6540,6951,3693,6710,5748,5246,7843,6902,5901,8603,9175,6292,6040,1965,3838,8139,6947,6294,8007,9893
444,8495,1748,9377,3617,2501,3793,3675,2509,7479,7500,5269,8772,9360,8406,2696,6494,5201,6517,7474,722,4818,3496,7730,8310,836,1181,3549,6893,4572,1645,8534,7255,5061,5005,4950,1605,3804,1901,764
135,8078,3027,6516,5509,7518,8145,2604,7619,5949,2091,1290,3632,4683,9418,722,9109,4942,363,4721,7489,9248,3600,5871,3203,3323,7508,5833,671,9578,3563,2048,6912,5609,7620,345,8421,8878,7402,2791
7668,6044,1861,2535,1072,1863,246,7936,6015,178,634,3301,3993,3832,4727,8493,4313,6685,4919,1926,4393,3158,3430,6273,696,8832,2603,9333,1177,7145,7725,9417,8065,9698,2209,6876,5146,386,9212,6701
302,4246,6694,439,4300,9071,2227,6441,7395,2343,5817,6974,6834,6458,956,4666,7943,3949,3414,7367,9023,8368,3565,3932,4235,6121,1521,776,8361,3651,2726,5835,8546,1179,7695,5501,1417,5621,1544,974
8751,2127,3005,6058,7520,9292,4791,4847,250,2478,9453,5896,1823,8268,7116,5639,9841,2543,8464,8974,313,4749,1444,5817,6722,8030,741,9149,2271,9003,6813,9877,9668,4488,1883,2812,9704,3825,4532,5438
8507,9517,6621,4403,7729,9293,8606,9085,5991,9652,8035,8451,4900,7914,3364,8373,4695,6921,8178,1885,2113,7174,9987,540,1204,8433,9933,490,9120,58,2379,6200,7639,167,8494,4344,1813,2009,1407,6231
7171,1271,7130,2314,4166,7429,3288,165,4918,6673,1865,801,6626,2426,4164,9947,5950,3475,4255,9619,7222,1199,7594,9062,3143,8429,1011,2755,5461,2048,8947,327,4788,3817,729,6172,3036,5385,2116,8787
269,5354,168,166,7385,3815,4613,429,9376,9880,4942,2335,7404,2614,2834,5073,4800,9324,4351,9146,386,3669,3536,6863,649,2123,3803,9214,7365,309,4123,5641,389,7114,3482,3947,9242,8516,3608,9409
9381,3258,3302,8347,2593,8330,2137,7962,7712,7618,7035,554,7571,2755,7913,6769,8355,3170,7173,9621,26,2927,5790,5095,7485,9632,5789,2399,1571,4630,3688,5095,4552,490,4387,9726,5567,1619,7225,1024
3272,6834,8852,9398,8002,8661,6777,3023,4908,1593,4609,9822,1299,2237,7558,7589,3086,5788,7226,4617,2303,259,6844,8865,4308,3239,8120,1136,1006,4823,4230,8692,3664,6281,2514,7208,5689,5094,1041,1768
8229,8360,4016,7459,5854,1303,70,2678,1239,2614,4673,3078,5679,6551,7984,4425,9055,26,3593,926,1510,6372,3200,2539,2915,1440,5186,2983,4730,5562,8416,3662,5338,1601,5441,4013,4177,4008,4729,7185
9844,1489,4720,8708,3020,5441,6692,8401,8707,6331,1580,3678,4757,5121,5086,817,2409,7727,8301,6178,2524,7286,12,1488,9806,3298,1182,2060,2841,1166,8335,3710,3624,8186,4404,3411,6333,9928,752,5497
4174,8279,8519,2483,8693,2757,4431,1873,8338,7926,3728,2089,4053,8092,884,7856,5876,1722,2302,4619,1533,3337,9751,9774,3253,8703,2185,4735,1646,6820,4339,7525,5469,4700,8567,1472,5369,2809,6886,6507
9392,7165,6880,8852,3250,1557,937,5433,159,1157,5252,7338,7429,352,8072,8551,1493,745,7373,6645,9408,8401,2328,9883,512,6248,1071,4724,4791,1449,2864,4686,274,9715,3383,5969,903,7017,4253,1807
2934,6488,254,489,8895,3155,4455,9274,6139,157,7717,7907,7609,3756,8470,7532,2568,2549,6118,8414,1244,3986,9441,3538,6483,2497,9235,4482,462,446,7811,8922,4893,8101,1890,9715,6365,8464,4950,7910
3062,5727,1055,3345,965,4039,502,1807,7166,5314,7790,435,2239,9658,2155,5322,1904,1266,2626,142,8901,4644,8974,3506,302,1961,238,9634,2836,6212,4218,193,2815,3796,9941,3210,6239,8865,5656,6882
8745,4980,4389,5307,4041,5707,2403,3339,1723,9385,7803,4621,6490,5723,2409,671,7228,545,3900,2869,9180,9634,2827,8531,7967,4913,1366,527,8351,8129,1892,6969,9094,1962,6480,12,1393,2461,7537,3793
5918,5173,6184,1761,1098,3647,6480,4398,5911,5727,8365,5226,3164,7718,8293,1176,7670,1270,630,958,9874,2657,7805,3037,7851,6919,499,6837,6464,1980,1396,332,1402,2375,8805,5908,537,7290,9358,7582
4489,430,296,6131,4871,1789,2782,1447,8540,8399,2551,4609,4411,1977,8018,4700,7010,2226,6785,4911,2938,470,1728,3811,9203,8074,5021,5126,7335,1335,1158,662,8324,9126,2987,8524,6781,6824,4637,6049
4366,2443,2091,6416,6090,8466,7759,8737,2384,9944,3491,4198,1070,6487,6567,6054,849,5318,2301,2914,9789,4597,7907,8747,4538,1372,2130,5349,9353,4591,1403,6890,4810,781,8343,9404,8470,6093,12,444
8688,7291,2528,998,5981,2253,822,6986,885,6249,9750,2901,5766,8086,7516,220,7030,9966,6069,4148,6736,6335,1639,6586,9984,2796,5680,9594,1243,6131,9694,7694,8682,124,394,283,4418,3588,5923,7102
5058,7868,4837,8072,3924,3520,517,9131,7715,7465,6222,5610,7483,8835,2013,3436,4068,7998,781,5317,6354,186,1027,2932,769,4272,4434,5060,7185,4466,4112,712,8791,4479,8240,7621,9653,8206,6613,8907
9488,8919,9355,8863,4981,1178,5064,9945,122,9365,9198,2109,5809,5293,7971,5507,4937,2738,1478,5196,3297,3864,2386,3542,8125,9791,2526,4121,2401,8168,4197,5615,7223,8187,3539,741,1343,3826,2892,5451
8733,8922,4635,3170,7863,408,6181,9270,6194,6122,3,1220,9003,8896,188,6479,1223,8913,614,4572,7978,6306,5339,2749,7531,1347,6187,2707,82,1975,8242,2470,184,346,6262,5495,8703,3692,2753,3587
5156,2620,976,2211,5559,9514,5930,8441,8334,7272,1940,4718,5919,3540,5838,7871,3678,8930,3460,7414,7334,3685,8144,4306,9943,386,9636,6584,8294,3306,7066,5564,337,7000,5950,2216,7659,5235,2947,8174
7597,2156,7143,4595,8287,4762,5519,1941,3127,7258,2345,5876,7930,9686,5060,5446,6622,2119,4580,6768,7493,2047,6105,8790,1023,1097,6947,9471,3600,6390,9898,452,3070,1857,8235,4528,2876,1895,5697,8449
826,4541,1110,7202,6329,9310,5160,1509,7397,4660,2586,4269,3047,1996,2004,4748,9121,1831,7286,6364,5468,3273,9367,5382,2205,2064,3220,6949,5050,6279,897,6630,6497,7262,8036,4181,3191,8685,7959,8120
8978,9448,1131,4532,5511,978,2345,591,1047,3197,925,3338,8014,2726,6231,4732,1288,2624,6601,6781,8389,8639,9913,7684,9,3985,132,2074,7573,4789,2937,55,1159,5745,134,3596,7266,7964,7582,1481
4478,4577,7507,8699,6787,2334,5002,2441,4790,1377,6115,100,3302,7739,7896,3890,7801,4352,4476,2083,9771,5576,2175,3827,5208,5309,4995,6699,2141,1675,4737,5877,230,1140,5536,5744,5961,4349,2831,429
8065,6693,3008,9890,8247,5663,8586,6087,200,2840,1363,4219,7939,3310,4641,9424,9394,7938,1004,4765,5849,1146,6607,4094,4533,9491,1655,1932,4251,863,320,1923,8898,6288,7762,3317,3086,5160,3847,2583
5029,5248,360,8067,6669,6327,4303,7305,1299,8038,4161,1866,1668,7932,5573,3186,8983,7572,6917,7366,7227,8903,7869,3904,2653,7372,6194,2197,4849,5360,9245,6412,3614,7710,9314,8039,6627,4714,9014,7877
3842,2327,5095,42,2811,5547,1422,5173,9388,3664,8360,708,2832,4413,5,8917,2677,4829,2311,2328,6887,127,8176,1048,923,2289,7277,8316,1594,5373,8058,7401,9492,7087,3895,7354,1684,2637,7284,906
1921,4315,8475,4506,8467,4172,8670,1776,7508,6250,6786,7115,520,1402,8813,4871,947,7188,4158,2464,8820,4040,9198,92,5082,3648,6357,2607,142,9653,7456,9345,7964,1028,787,5152,4305,9629,2354,3719
3554,4255,4264,8631,5813,3248,3448,8675,8691,3930,3039,3539,6508,4091,7380,9261,6426,1747,9608,6980,3079,9114,5381,5257,2908,792,6481,5140,4732,9224,7482,9700,8711,4125,1977,8426,2922,4467,677,1263
703,2546,4717,331,4931,1718,2562,6921,8021,9272,4829,4153,8083,9182,7760,8320,9208,2006,2775,894,8765,5717,5983,3234,8282,1819,3755,6875,1446,5854,6370,764,9235,7817,7810,2835,5603,8087,7906,3161
6392,4781,3790,8588,4095,4916,5774,3268,1659,5138,137,8886,7185,1689,258,5626,1875,1556,9792,4318,3427,8526,2114,9430,8184,3839,111,3284,1253,4322,1266,9656,8698,1267,2181,7230,8900,823,5567,2013
617,5429,6395,2226,4525,8305,3696,7453,9757,9675,9637,1534,2782,5249,5192,4793,8684,6530,4627,6063,9186,6595,9553,5962,4940,765,8335,928,8859,5362,8660,8536,837,2860,8280,2568,2021,7086,9170,8558
9493,8866,8252,3264,3055,2906,2618,4851,3304,3340,1452,9118,3465,9482,7310,7140,8467,9717,9524,308,8828,3253,6376,9753,5821,7142,4180,5315,6550,1320,9815,283,5678,2288,8859,7745,603,8258,1136,4889
6655,6291,136,2855,2231,4934,7577,4721,6508,6887,1273,908,8463,8579,9915,2156,3022,8403,6527,2363,345,3705,5139,8411,8338,3921,6030,2623,5676,4943,8615,3447,3647,4673,6376,6356,9742,9819,5854,9377
7009,9996,9161,1296,4870,4661,7242,2345,1470,2507,2700,639,320,4374,5684,5957,6401,3907,8993,4428,3052,5,8528,3927,2815,8699,5026,700,2949,6496,3343,2721,9091,192,8884,7459,5842,9789,8264,2418
4066,1748,6835,9617,6528,4928,5049,357,63,3340,5226,5325,4260,6590,8698,7027,5284,8098,4329,1511,5555,4066,8864,9697,9030,5614,7503,9970,3335,5993,8376,1248,494,3722,3783,964,2881,1920,2583,9580
3853,618,6623,203,3451,1596,6460,6224,3884,6832,1804,4352,1828,9567,3516,2975,1205,1744,5350,1154,453,9721,4381,5688,1578,8471,3802,2906,4318,5451,1162,3575,9568,7670,1631,3838,3491,2562,7815,4186
4367,1617,3973,7510,1635,7286,8158,6511,2714,4857,8115,5658,8503,8111,8145,5144,5647,1481,9742,4918,8484,7942,3613,2567,7859,4506,8922,4246,5232,5604,9875,7264,2800,4687,2036,352,6730,8598,9640,2491
6931,1628,692,9038,7591,2474,6330,2127,5486,4859,5568,799,8803,131,5321,7877,5155,6884,2263,682,9616,862,3402,5962,6250,758,2391,9087,7321,283,1776,6017,1475,6582,643,9065,8378,7061,8311,7866
353,6304,8342,9136,1988,5299,4644,2100,1356,4214,5324,2279,6584,9296,4505,5475,6854,8514,2348,2122,6441,6702,4187,9357,8189,4422,7347,2169,2857,5150,6685,3899,28,4576,1444,6810,2497,7079,3698,4159
6114,8804,4015,2875,1783,3331,6171,3942,3739,3461,3481,8977,5000,4858,1348,6023,5221,3086,978,6027,2496,711,9972,1506,9286,6858,9038,4157,3747,2604,1913,1526,72,4437,2237,9420,3386,3320,2548,270
1411,2912,9801,4922,3297,7518,1787,9718,58,2553,8786,8984,3,6791,8885,7974,7927,4545,359,8696,7566,968,7389,3805,2789,517,4254,9057,2539,7343,9997,1449,8548,6648,4308,2828,6806,7914,3743,561
1014,2557,1797,9419,1892,4577,6334,6996,3554,3779,2440,924,2179,4638,9934,3091,5406,3536,5170,1583,3860,9449,7086,7331,6292,5354,8354,8951,3969,1027,1990,9689,7925,5781,614,4102,7181,2505,4801,2126
2448,5581,9743,2329,9451,9484,8227,6477,7158,3792,2893,2543,1724,9694,3173,3921,9710,4658,3034,5007,6511,2783,7713,2469,6688,9483,4609,9801,2507,251,8602,6798,6221,6896,9903,735,9751,2680,4890,6622
3926,8508,4278,3912,3900,1619,2558,7116,2705,1738,2670,1047,3172,4129,4517,7645,9812,2666,7388,9078,7046,8249,3606,156,2945,7136,2190,1161,3543,2257,7854,5277,6931,5636,7857,9856,7818,8846,8525,4441
4923,1753,6824,3801,6815,3564,1775,8262,5251,1924,9000,7628,679,9552,4365,4790,2106,4979,3334,5603,9821,7075,6722,643,8616,14,5847,3841,1486,9057,2389,5517,1961,5304,8333,2439,7885,3947,2690,8494
9911,7055,2091,8702,6420,898,848,2956,3658,7518,8337,34,5341,6718,5430,7508,7324,1664,1228,9733,9701,3949,6779,9736,353,3821,4411,334,646,2991,3485,9588,1151,7925,4277,5644,9324,1469,5866,5294
6785,6071,9317,4266,1234,8917,9516,8193,6939,5078,5168,5038,3838,4707,1280,2891,5763,3154,2285,3828,3297,5004,5517,380,9113,6719,1785,6297,7518,9317,2680,8439,5336,7317,7076,1429,3573,3219,9345,6946
355,1768,6296,503,1662,1507,7311,8049,5401,8391,326,118,8306,7803,1393,3315,5130,8811,7525,8863,6030,8648,6448,4866,4751,6941,964,590,6471,2434,4109,3906,1001,7893,1524,6418,8026,8565,6465,3322
2495,5057,6805,1966,2807,9354,6909,5905,9145,8347,1540,3986,9245,4089,5460,4083,9885,1741,4869,1115,436,1939,3275,9706,743,7850,9516,1288,3628,2728,4848,3020,6510,2927,6741,7836,9054,5227,2758,7070
1511,3186,8673,1328,8573,9514,8050,3193,2655,549,4735,5847,4003,6299,2808,2513,7142,4200,1558,4456,7840,3550,2719,8030,2752,5067,7645,6690,8048,588,4180,3891,3264,716,5866,1555,7394,5175,7367,5554
2973,728,4806,5979,5336,65,2840,7409,679,7721,9684,2005,7096,4721,5344,320,8069,4565,7589,6853,2823,5079,3659,8366,7204,5280,6517,3313,7268,1170,8068,382,3018,3384,1122,3584,1151,3652,5814,5847
3621,2517,5243,4579,7895,9903,8334,9031,2324,614,8858,9607,6880,9753,8172,4792,1119,6997,6467,335,4832,2846,2242,8377,6370,4635,7267,5776,8905,7785,2738,4009,351,7680,6801,2504,7177,1437,6138,3162
5515,7123,9514,5667,1372,5550,6894,5735,545,3877,3351,2970,6264,2988,3471,3889,6239,3264,8696,795,6666,1376,7870,1606,6913,9133,5549,6971,1556,8002,3395,1317,3555,4059,6824,9489,7413,1637,2236,5695
6359,8363,8446,3191,850,6803,9147,539,2380,1748,3842,2738,9079,863,9696,7960,5385,2887,8490,6303,4001,9631,604,6655,9673,4479,5578,6606,5876,1438,5975,3048,101,86,9775,5996,1781,8371,7971,5089
5195,8733,4861,7684,1726,8542,2517,9237,9586,4196,6774,1691,7426,4740,4667,2428,6801,6276,3405,162,2593,9540,1925,1556,1620,2771,2812,7135,736,9413,637,0,8185,514,7243,3807,657,2713,4585,1478
8814,2297,5849,5595,1166,7784,8935,3919,1288,2305,3848,3285,2414,6229,7645,4330,9324,209,3266,86,5894,3649,9009,504,6195,5936,2032,7254,4468,9762,7096,6649,4022,3352,7065,7458,6547,4479,3663,8602
3157,831,6184,6020,8887,4895,9589,7625,7586,7486,9584,9073,860,4880,6383,5554,8861,3234,4160,7137,2074,3671,5834,6922,8013,6396,8312,3888,4062,2814,1737,609,4044,4557,392,6180,8572,5850,6835,1064
9774,3172,1255,2668,2222,7681,2333,6864,6201,7017,2708,4526,5091,7803,7131,222,1134,8581,2664,6978,7865,852,5743,9393,7671,5177,1915,1802,8526,4428,2253,8384,1903,9600,5094,6767,3759,5637,9317,5067
5962,4378,909,5760,8886,8,6800,5625,9429,516,5863,4980,2984,5419,6394,3230,9664,6464,189,274,4801,9932,3844,5483,5508,6631,723,5872,4688,8396,9679,5678,9388,7247,9307,9285,1107,2381,343,9126
5085,3400,5444,9293,4451,1176,1166,4595,3170,2740,711,1318,4387,1574,6978,9912,2862,8801,1576,2427,3828,2851,9078,1341,7785,8275,3735,401,8958,8024,9,1413,5443,8832,8484,7720,9862,14,4795,244
5735,8140,4050,6230,1158,9009,7503,1444,6096,7033,2149,8325,8681,6274,2574,7132,561,4222,6750,2279,8442,4687,9235,3636,4202,8314,4043,6778,2003,1372,4955,3674,5606,5930,946,6845,82,1200,4647,9784
